place,slug,municipality,province,placecode
1e Exloërmond,1e-exlormond,Borger-Odoorn,Drenthe,1779
2e Exloërmond,2e-exlormond,Borger-Odoorn,Drenthe,1780
2e Valthermond,2e-valthermond,Borger-Odoorn,Drenthe,1781
2e Vlotbrug,2e-vlotbrug,Nissewaard,Zuid-Holland,
's-Graveland,s-graveland,Wijdemeren,Noord-Holland,3000
's-Gravendeel,s-gravendeel,Hoeksche Waard,Zuid-Holland,2380
's-Gravenhage,s-gravenhage,Den Haag,Zuid-Holland,1245
's Gravenmoer,s-gravenmoer,Dongen,Noord-Brabant,2800
's-Gravenmoerse Vaart,s-gravenmoerse-vaart,Dongen,Noord-Brabant,
's-Gravenpolder,s-gravenpolder,Borsele,Zeeland,1263
's-Gravenweg,s-gravenweg,Zuidplas,Zuid-Holland,
's-Gravenzande,s-gravenzande,Westland,Zuid-Holland,2662
's-Heer Abtskerke,s-heer-abtskerke,Borsele,Zeeland,1264
's-Heer Arendskerke,s-heer-arendskerke,Goes,Zeeland,1822
's-Heer Hendrikskinderen,s-heer-hendrikskinderen,Goes,Zeeland,1823
's-Heerenberg,s-heerenberg,Montferland,Gelderland,2206
's-Heerenbroek,s-heerenbroek,Kampen,Overijssel,2899
's-Heerenhoek,s-heerenhoek,Borsele,Zeeland,1265
's-Hertogenbosch,s-hertogenbosch,'s-Hertogenbosch,Noord-Brabant,1595
't Bergje,t-bergje,Hardenberg,Overijssel,
't Buurtje,t-buurtje,Schagen,Noord-Holland,
't Coll,t-coll,Eindhoven,Noord-Brabant,
't Eind,t-eind,Oisterwijk,Noord-Brabant,
't Goy,t-goy,Houten,Utrecht,2054
't Haantje,t-haantje,Coevorden,Drenthe,2164
't Haantje,t-haantje,Hardenberg,Overijssel,
't Haantje,t-haantje,Leeuwarden,Fryslân,
't Haantje,t-haantje,Rijswijk,Zuid-Holland,
't Haantje,t-haantje,Steenbergen,Noord-Brabant,
't Harde,t-harde,Elburg,Gelderland,1845
't Hazeleger,t-hazeleger,Renkum,Gelderland,
't Heechhout,t-heechhout,Waadhoeke,Fryslân,
't Heeske,t-heeske,Peel en Maas,Limburg,
't Herselt,t-herselt,Land van Cuijk,Noord-Brabant,
't Hoekje,t-hoekje,Hulst,Zeeland,
't Hoekske,t-hoekske,Tilburg,Noord-Brabant,
't Hof (?),t-hof-,Heumen,Gelderland,
't Hof,t-hof,Laarbeek,Noord-Brabant,
't Jagertje,t-jagertje,Hulst,Zeeland,
't Kip,t-kip,Berkelland,Gelderland,
't Kret,t-kret,Westerkwartier,Groningen,
't Laar,t-laar,Epe,Gelderland,
't Lage van de Weg,t-lage-van-de-weg,Het Hogeland,Groningen,
't Leuken,t-leuken,Bergen,Limburg,
't Loo,t-loo,Dinkelland,Overijssel,
't Loo,t-loo,Oldebroek,Gelderland,
“ 't Loo Oldebroek”,-t-loo-oldebroek,Oldebroek,Gelderland,3068
't Marktje,t-marktje,Woensdrecht,Noord-Brabant,
't Noorden,t-noorden,Hoogeveen,Drenthe,
't Oever,t-oever,Putten,Gelderland,
't Rolder,t-rolder,Oost Gelre,Gelderland,
't Rooth,t-rooth,Eijsden-Margraten,Limburg,
't Stort,t-stort,Het Hogeland,Groningen,
't Veld,t-veld,Hollands Kroon,Noord-Holland,2520
Ven,ven,Meierijstad,Noord-Brabant,
't Villeken,t-villeken,Aalten,Gelderland,
't Vlaandertje,t-vlaandertje,Borsele,Zeeland,
't Vlot,t-vlot,Overbetuwe,Gelderland,
't Vosseneind,t-vosseneind,Heumen,Gelderland,
't Waar,t-waar,Oldambt,Groningen,1895
't Winkel,t-winkel,Tilburg,Noord-Brabant,
't Woud,t-woud,Nijkerk,Gelderland,
't Woudt,t-woudt,Midden-Delfland,Zuid-Holland,
't Wytfean,t-wytfean,Tytsjerksteradiel,Fryslân,
't Zand,t-zand,Alphen-Chaam,Noord-Brabant,
't Zand,t-zand,Land van Cuijk,Noord-Brabant,
't Zand,t-zand,Hattem,Gelderland,
't Zand,t-zand,Nijmegen,Gelderland,
't Zand,t-zand,Schagen,Noord-Holland,2758
't Zand,t-zand,Altena,Noord-Brabant,
't Zandstervoorwerk,t-zandstervoorwerk,Eemsdelta,Groningen,
't Zandt,t-zandt,Eemsdelta,Groningen,3458
Aadorp,aadorp,Almelo,Overijssel,1925
Aagtekerke,aagtekerke,Veere,Zeeland,2774
Aalbeek,aalbeek,Beekdaelen,Limburg,
Aalden,aalden,Coevorden,Drenthe,2145
Aaldonk,aaldonk,Gennep,Limburg,
Aalsmeer,aalsmeer,Aalsmeer,Noord-Holland,2571
Aalsmeerderbrug,aalsmeerderbrug,Haarlemmermeer,Noord-Holland,1600
Aalst,aalst,Buren,Gelderland,
Aalst,aalst,Waalre,Noord-Brabant,
Aalst,aalst,Zaltbommel,Gelderland,2626
Aalsum,aalsum,Westerkwartier,Groningen,
Aalsum,aalsum,Noardeast-Fryslân,Fryslân,3387
Aalten,aalten,Aalten,Gelderland,1193
Aam,aam,Overbetuwe,Gelderland,
Aan de Berg,aan-de-berg,Echt-Susteren,Limburg,
Aan de Berg,aan-de-berg,Roerdalen,Limburg,
Aan de Bergen,aan-de-bergen,Leudal,Limburg,
Aan de Maas,aan-de-maas,Meerssen,Limburg,
Aan de Popelaar,aan-de-popelaar,Echt-Susteren,Limburg,
Aan de Rijksweg,aan-de-rijksweg,Roermond,Limburg,
Aan de School,aan-de-school,Echt-Susteren,Limburg,
Aan de Zuwe,aan-de-zuwe,De Ronde Venen,Utrecht,
Aan Reijans,aan-reijans,Echt-Susteren,Limburg,
Aanschot,aanschot,Eindhoven,Noord-Brabant,
Aardenburg,aardenburg,Sluis,Zeeland,2961
Aarlanderveen,aarlanderveen,Alphen aan den Rijn,Zuid-Holland,1079
Aarle,aarle,Best,Noord-Brabant,
Aarle-Rixtel,aarle-rixtel,Laarbeek,Noord-Brabant,1445
Aartswoud,aartswoud,Opmeer,Noord-Holland,2788
Aasterberg,aasterberg,Echt-Susteren,Limburg,
Abbega,abbega,Súdwest-Fryslân,Fryslân,2400
Abbegaasterketting,abbegaasterketting,Súdwest-Fryslân,Fryslân,
Abbekerk,abbekerk,Medemblik,Noord-Holland,3147
Abbekinderen,abbekinderen,Goes,Zeeland,
Abbenbroek,abbenbroek,Nissewaard,Zuid-Holland,1385
Abbenes,abbenes,Haarlemmermeer,Noord-Holland,1608
Abbengawier,abbengawier,Leeuwarden,Fryslân,
Abbestede,abbestede,Schagen,Noord-Holland,
Abbeweer,abbeweer,Het Hogeland,Groningen,
Abcoude,abcoude,De Ronde Venen,Utrecht,1332
Abcoven,abcoven,Goirle,Noord-Brabant,
Absdale,absdale,Hulst,Zeeland,
Abshoven,abshoven,Sittard-Geleen,Limburg,
Abtswoude,abtswoude,Delft,Zuid-Holland,
Achlum,achlum,Waadhoeke,Fryslân,1364
Acht,acht,Eindhoven,Noord-Brabant,
Achter het Klooster,achter-het-klooster,Leudal,Limburg,
Achterberg,achterberg,Rhenen,Utrecht,
Achterbos,achterbos,De Ronde Venen,Utrecht,
Achterbosch,achterbosch,Asten,Noord-Brabant,
Achterbosch,achterbosch,Laarbeek,Noord-Brabant,
Achterbroek,achterbroek,Krimpenerwaard,Zuid-Holland,
Achterbroek,achterbroek,Someren,Noord-Brabant,
Achterdiep,achterdiep,Midden-Groningen,Groningen,
Achterdijk,achterdijk,Moerdijk,Noord-Brabant,
Achterdijk,achterdijk,Vijfheerenlanden,Utrecht,
Achterdrempt,achterdrempt,Bronckhorst,Gelderland,
Achtereind,achtereind,Waalre,Noord-Brabant,
Achterhoek,achterhoek,Hof van Twente,Overijssel,
Achterhoek,achterhoek,Nijkerk,Gelderland,
Achter-Lindt,achter-lindt,Zwijndrecht,Zuid-Holland,
Achterste Brug,achterste-brug,Valkenswaard,Noord-Brabant,
Achterste Diesdonk,achterste-diesdonk,Asten,Noord-Brabant,
Achterste Erm,achterste-erm,Coevorden,Drenthe,
Achterste Heide,achterste-heide,Oss,Noord-Brabant,
Achterste Heikant,achterste-heikant,Reusel-De Mierden,Noord-Brabant,
Achterste Hermalen,achterste-hermalen,Meierijstad,Noord-Brabant,
Achterste Rith,achterste-rith,Breda,Noord-Brabant,
Achterstehoek,achterstehoek,Duiven,Gelderland,
Achter-Thesinge,achter-thesinge,Groningen,Groningen,
Achterveld,achterveld,Barneveld,Gelderland,1063
Achterveld,achterveld,Leusden,Utrecht,2640
Achterwetering,achterwetering,De Bilt,Utrecht,
Achthoven,achthoven,Vijfheerenlanden,Utrecht,
Achthoven-West,achthoven-west,Montfoort,Utrecht,
Achthuizen,achthuizen,Goeree-Overflakkee,Zuid-Holland,2131
Achtmaal,achtmaal,Zundert,Noord-Brabant,3493
Achttienhoven,achttienhoven,De Bilt,Utrecht,
Achttienhoven,achttienhoven,Nieuwkoop,Zuid-Holland,
Acquoy,acquoy,West Betuwe,Gelderland,3527
Adorp,adorp,Het Hogeland,Groningen,2464
Aduard,aduard,Westerkwartier,Groningen,2114
Aduarderzijl,aduarderzijl,Westerkwartier,Groningen,
Aegum,aegum,Leeuwarden,Fryslân,2524
Aekinga,aekinga,Ooststellingwerf,Fryslân,
Aerdenburg,aerdenburg,Zevenaar,Gelderland,
Aerdenhout,aerdenhout,Bloemendaal,Noord-Holland,2652
Aerdt,aerdt,Zevenaar,Gelderland,2976
Afferden,afferden,Bergen,Limburg,
“Afferden L.”,afferden-l,Bergen,Limburg,1122
Afferden,afferden,Druten,Gelderland,2902
Agelo,agelo,Dinkelland,Overijssel,1407
Agodorp,agodorp,Westerwolde,Groningen,
Aijen,aijen,Bergen,Limburg,
Akersloot,akersloot,Castricum,Noord-Holland,2267
Akker,akker,Roosendaal,Noord-Brabant,
Akkerput,akkerput,Sluis,Zeeland,
Akkrum,akkrum,Heerenveen,Fryslân,2525
Akmarijp,akmarijp,De Fryske Marren,Fryslân,2484
Albergen,albergen,Tubbergen,Overijssel,1283
Alblasserdam,alblasserdam,Alblasserdam,Zuid-Holland,2386
Alde Leie,alde-leie,Leeuwarden,Fryslân,3224
Aldeboarn,aldeboarn,Heerenveen,Fryslân,2532
Aldeboarn,aldeboarn,Heerenveen,Fryslân,
Ald Terp,ald-terp,Noardeast-Fryslân,Fryslân,
Aldtsjerk,aldtsjerk,Tytsjerksteradiel,Fryslân,2441
Aldwâld,aldwld,Noardeast-Fryslân,Fryslân,3313
Aldwâldmersyl,aldwldmersyl,Noardeast-Fryslân,Fryslân,
Alem,alem,Maasdriel,Gelderland,1623
Alendorp,alendorp,Utrecht,Utrecht,
Alinghuizen,alinghuizen,Het Hogeland,Groningen,
Alkmaar,alkmaar,Alkmaar,Noord-Holland,2348
Allersma,allersma,Westerkwartier,Groningen,
Allingawier,allingawier,Súdwest-Fryslân,Fryslân,2301
Almelo,almelo,Almelo,Overijssel,1924
Almen,almen,Lochem,Gelderland,1334
Almere,almere,Almere,Flevoland,1270
Almere-Stad,almere-stad,Almere,Flevoland,
Almere-Buiten,almere-buiten,Almere,Flevoland,
Almere-Haven,almere-haven,Almere,Flevoland,
Almere-Hout,almere-hout,Almere,Flevoland,
Almere-Poort,almere-poort,Almere,Flevoland,
Almere-Pampus,almere-pampus,Almere,Flevoland,
Almkerk,almkerk,Altena,Noord-Brabant,3300
Alphen,alphen,Alphen-Chaam,Noord-Brabant,3432
Alphen,alphen,West Maas en Waal,Gelderland,1766
Alphen aan den Rijn,alphen-aan-den-rijn,Alphen aan den Rijn,Zuid-Holland,1080
Alphen-Oosterwijk,alphen-oosterwijk,Alphen-Chaam,Noord-Brabant,
Altena,altena,Noordenveld,Drenthe,
Alteveer,alteveer,De Wolden,Drenthe,3160
Alteveer,alteveer,Hoogeveen,Drenthe,
“Alteveer gem Hoogeveen”,alteveer-gem-hoogeveen,Hoogeveen,Drenthe,1810
Alteveer,alteveer,Noordenveld,Drenthe,1633
Alteveer,alteveer,Stadskanaal,Groningen,3079
Altforst,altforst,West Maas en Waal,Gelderland,1767
Alting,alting,Midden-Drenthe,Drenthe,
Altweert,altweert,Weert,Limburg,
Altweerterheide,altweerterheide,Weert,Limburg,
Alverna,alverna,Wijchen,Gelderland,
Alvershool,alvershool,"Nuenen, Gerwen en Nederwetten",Noord-Brabant,
Ambt delden,ambt-delden,Hof van Twente,Overijssel,1438
Ameide,ameide,Vijfheerenlanden,Utrecht,2106
Amen,amen,Aa en Hunze,Drenthe,1147
America,america,Horst aan de Maas,Limburg,1026
Amerika,amerika,Noordenveld,Drenthe,
Amerongen,amerongen,Utrechtse Heuvelrug,Utrecht,3337
Amersfoort,amersfoort,Amersfoort,Utrecht,1664
Ammerstol,ammerstol,Krimpenerwaard,Zuid-Holland,2367
Ammerzoden,ammerzoden,Maasdriel,Gelderland,1624
Ampsen,ampsen,Lochem,Gelderland,
Amstelhoek,amstelhoek,De Ronde Venen,Utrecht,3547
Amstelveen,amstelveen,Amstelveen,Noord-Holland,1050
Amstenrade,amstenrade,Beekdaelen,Limburg,2099
Amsterdam,amsterdam,Amsterdam,Noord-Holland,3594
Amsterdam-Duivendrecht,amsterdam-duivendrecht,Ouder-Amstel,Noord-Holland,3569
Amsterdamscheveld,amsterdamscheveld,Emmen,Drenthe,
Amsweer,amsweer,Eemsdelta,Groningen,
Andel,andel,Altena,Noord-Brabant,3301
Andelst,andelst,Overbetuwe,Gelderland,1862
Anderen,anderen,Aa en Hunze,Drenthe,1148
Andijk,andijk,Medemblik,Noord-Holland,1053
Ane,ane,Hardenberg,Overijssel,1537
Anerveen,anerveen,Hardenberg,Overijssel,1538
Anevelde,anevelde,Hardenberg,Overijssel,1539
Angeren,angeren,Lingewaard,Gelderland,3133
Angerlo,angerlo,Zevenaar,Gelderland,1299
Anholt,anholt,De Wolden,Drenthe,
Ankeveen,ankeveen,Wijdemeren,Noord-Holland,2999
Ankum,ankum,Dalfsen,Overijssel,
Anloo,anloo,Aa en Hunze,Drenthe,1149
Anna Jacobapolder,anna-jacobapolder,Tholen,Zeeland,
Annabuorren,annabuorren,Súdwest-Fryslân,Fryslân,
Anna Paulowna,anna-paulowna,Hollands Kroon,Noord-Holland,3185
Annen,annen,Aa en Hunze,Drenthe,1150
Annendaal,annendaal,Roerdalen,Limburg,
Annerveenschekanaal,annerveenschekanaal,Aa en Hunze,Drenthe,1151
Anneville,anneville,Alphen-Chaam,Noord-Brabant,
Anreep,anreep,Assen,Drenthe,
Ansen,ansen,De Wolden,Drenthe,3161
Ansen,ansen,Westerveld,Drenthe,3104
Apeldoorn,apeldoorn,Apeldoorn,Gelderland,3560
Apenhuizen,apenhuizen,Deventer,Overijssel,
Appel,appel,Nijkerk,Gelderland,
Appelscha,appelscha,Ooststellingwerf,Fryslân,1753
Appeltern,appeltern,West Maas en Waal,Gelderland,1768
Appen,appen,Voorst,Gelderland,
Appingedam,appingedam,Eemsdelta,Groningen,3386
Arcen,arcen,Venlo,Limburg,3140
Archem,archem,Ommen,Overijssel,
Arendnest,arendnest,Boekel,Noord-Brabant,
Arensgenhout,arensgenhout,Beekdaelen,Limburg,
Arkel,arkel,Molenlanden,Zuid-Holland,1432
Arkens,arkens,Waadhoeke,Fryslân,
Armhoede,armhoede,Lochem,Gelderland,
Armweide,armweide,De Wolden,Drenthe,
Arnemuiden,arnemuiden,Middelburg,Zeeland,1008
Arnhem,arnhem,Arnhem,Gelderland,1296
Arnoud,arnoud,Hillegom,Zuid-Holland,
Arriën,arrin,Ommen,Overijssel,3630
Arriërveld,arrirveld,Ommen,Overijssel,
Arum,arum,Súdwest-Fryslân,Fryslân,2302
Arwerd,arwerd,Eemsdelta,Groningen,
Asbroek,asbroek,Leudal,Limburg,
Asch,asch,Buren,Gelderland,3370
Asenray,asenray,Roermond,Limburg,
Asperen,asperen,West Betuwe,Gelderland,2353
Asschat,asschat,Leusden,Utrecht,
Assel,assel,Apeldoorn,Gelderland,
Asselt,asselt,Roermond,Limburg,
Assen,assen,Assen,Drenthe,2391
Assendelft,assendelft,Zaanstad,Noord-Holland,1878
Asten,asten,Asten,Noord-Brabant,2928
Atzeburen,atzeburen,Súdwest-Fryslân,Fryslân,
Augsbuert-Lytsewâld,augsbuert-lytsewld,Noardeast-Fryslân,Fryslân,3307
Augustinusga,augustinusga,Achtkarspelen,Fryslân,3173
Austerlitz,austerlitz,Zeist,Utrecht,2824
Avenhorn,avenhorn,Koggenland,Noord-Holland,1183
Averlo,averlo,Deventer,Overijssel,
Avest,avest,Berkelland,Gelderland,
Axel,axel,Terneuzen,Zeeland,1128
Azelo,azelo,Hof van Twente,Overijssel,
Azewijn,azewijn,Montferland,Gelderland,2202
Baaiduinen,baaiduinen,Terschelling,Fryslân,2621
Baaium,baaium,Waadhoeke,Fryslân,
Baak,baak,Bronckhorst,Gelderland,1527
Baakhoven,baakhoven,Echt-Susteren,Limburg,
Baaks,baaks,Simpelveld,Limburg,
Baakwoning,baakwoning,Westland,Zuid-Holland,
Baal,baal,Lingewaard,Gelderland,
Baalhoek,baalhoek,Hulst,Zeeland,
Baambrugge,baambrugge,De Ronde Venen,Utrecht,1333
Baambrugse Zuwe,baambrugse-zuwe,De Ronde Venen,Utrecht,
Baamsum,baamsum,Eemsdelta,Groningen,
Baanhoek (?),baanhoek-,Sliedrecht,Zuid-Holland,
Baard,baard,Leeuwarden,Fryslân,2009
Baarderburen,baarderburen,Súdwest-Fryslân,Fryslân,
Baarland,baarland,Borsele,Zeeland,1251
Baarle-Nassau,baarle-nassau,Baarle-Nassau,Noord-Brabant,2883
Baarlo,baarlo,Peel en Maas,Limburg,2602
Baarlo,baarlo,Steenwijkerland,Overijssel,2691
Baarlo,baarlo,Zwartewaterland,Overijssel,
Baarn,baarn,Baarn,Utrecht,1092
Baars,baars,Steenwijkerland,Overijssel,2692
Baarschot,baarschot,Deurne,Noord-Brabant,
Baarschot,baarschot,Hilvarenbeek,Noord-Brabant,
Baarschot,baarschot,Oosterhout,Noord-Brabant,
Baarsdorp,baarsdorp,Borsele,Zeeland,
Baarstraat,baarstraat,Maasgouw,Limburg,
Babberich,babberich,Zevenaar,Gelderland,1298
Baburen,baburen,Súdwest-Fryslân,Fryslân,
Babyloniënbroek,babyloninbroek,Altena,Noord-Brabant,1951
Badhoevedorp,badhoevedorp,Haarlemmermeer,Noord-Holland,1617
Bad Nieuweschans,bad-nieuweschans,Oldambt,Groningen,1420
Baexem,baexem,Leudal,Limburg,2940
Baflo,baflo,Het Hogeland,Groningen,2465
Bahr,bahr,Zevenaar,Gelderland,
Bakel,bakel,Gemert-Bakel,Noord-Brabant,2090
Bakelsebrug,bakelsebrug,Gemert-Bakel,Noord-Brabant,
Bakendorp,bakendorp,Borsele,Zeeland,
Bakertand,bakertand,Tilburg,Noord-Brabant,
Bakhuisbos,bakhuisbos,Heerde,Gelderland,
Bakhuizen,bakhuizen,De Fryske Marren,Fryslân,1673
Bakkerom,bakkerom,Westerkwartier,Groningen,
Bakkersdam,bakkersdam,Sluis,Zeeland,
Bakkeveen,bakkeveen,Opsterland,Fryslân,3342
Balgoij,balgoij,Wijchen,Gelderland,2570
Balhofstede,balhofstede,Sluis,Zeeland,
Balinge,balinge,Midden-Drenthe,Drenthe,3005
Balk,balk,De Fryske Marren,Fryslân,1674
Balkbrug,balkbrug,Hardenberg,Overijssel,1540
Ballast,ballast,Coevorden,Drenthe,
Balleman,balleman,Alphen-Chaam,Noord-Brabant,
Ballingbuur,ballingbuur,De Fryske Marren,Fryslân,
Balloo,balloo,Aa en Hunze,Drenthe,1152
Ballum,ballum,Ameland,Fryslân,2587
Balmahuizen,balmahuizen,Westerkwartier,Groningen,
Baneheide,baneheide,Simpelveld,Limburg,3067
Banholt,banholt,Eijsden-Margraten,Limburg,1690
Bankert,bankert,Gemert-Bakel,Noord-Brabant,
Bant,bant,Noordoostpolder,Flevoland,1272
Bantega,bantega,De Fryske Marren,Fryslân,2239
Barchem,barchem,Lochem,Gelderland,1335
Barendrecht,barendrecht,Barendrecht,Zuid-Holland,1594
Barendrechtse Veer,barendrechtse-veer,Barendrecht,Zuid-Holland,
Bareveld,bareveld,Aa en Hunze,Drenthe,
Bargebek,bargebek,De Fryske Marren,Fryslân,
Barger-Compascuum,barger-compascuum,Emmen,Drenthe,1987
Barger-Erfscheidenveen,barger-erfscheidenveen,Emmen,Drenthe,
Barger-Oosterveen,barger-oosterveen,Emmen,Drenthe,
Barlage,barlage,Stadskanaal,Groningen,
Barlaque,barlaque,Moerdijk,Noord-Brabant,
Barlo,barlo,Aalten,Gelderland,
Barneveld,barneveld,Barneveld,Gelderland,3597
Barnflair,barnflair,Westerwolde,Groningen,
Barrier,barrier,Voerendaal,Limburg,
Barsbeek,barsbeek,Steenwijkerland,Overijssel,
Barsingerhorn,barsingerhorn,Hollands Kroon,Noord-Holland,2514
Bartlehiem,bartlehiem,Noardeast-Fryslân,Fryslân,
Bartlehiem,bartlehiem,Leeuwarden,Fryslân,
Bartlehiem,bartlehiem,Tytsjerksteradiel,Fryslân,
Bartlehiem,bartlehiem,Tytsjerksteradiel,Fryslân,
Barwoutswaarder,barwoutswaarder,Woerden,Utrecht,
Basse,basse,Steenwijkerland,Overijssel,2693
Basserveld,basserveld,Steenwijkerland,Overijssel,
Batenburg,batenburg,Wijchen,Gelderland,2568
Bath,bath,Reimerswaal,Zeeland,
Bathmen,bathmen,Deventer,Overijssel,2854
Battenoord,battenoord,Goeree-Overflakkee,Zuid-Holland,
Bavel,bavel,Breda,Noord-Brabant,3624
Bavel AC,bavel-ac,Alphen-Chaam,Noord-Brabant,3437
Bavinkel,bavinkel,Almelo,Overijssel,
Bazuin,bazuin,De Wolden,Drenthe,
Bears,bears,Leeuwarden,Fryslân,2010
Beckum,beckum,Hengelo,Overijssel,
Bedaf,bedaf,Maashorst,Noord-Brabant,
Bedum,bedum,Het Hogeland,Groningen,2829
Beegden,beegden,Maasgouw,Limburg,1918
Beek,beek,Beek,Limburg,1670
Beek,beek,Berg en Dal,Gelderland,2872
Beek,beek,Montferland,Gelderland,2203
Beek,beek,Venray,Limburg,
Beek en Donk,beek-en-donk,Laarbeek,Noord-Brabant,1446
Beekbergen,beekbergen,Apeldoorn,Gelderland,2258
Beekdorp,beekdorp,Dinkelland,Overijssel,
Beekheuvel,beekheuvel,Bergen,Limburg,
Beekkant,beekkant,Leudal,Limburg,
Beemdkant,beemdkant,Laarbeek,Noord-Brabant,
Beemte,beemte,Apeldoorn,Gelderland,
Beemte Broekland,beemte-broekland,Apeldoorn,Gelderland,2254
Beerenplaat,beerenplaat,Nissewaard,Zuid-Holland,
Beers,beers,Land van Cuijk,Noord-Brabant,
“Beers NB”,beers-nb,Land van Cuijk,Noord-Brabant,1449
Beerschoten,beerschoten,Utrechtse Heuvelrug,Utrecht,
Beersterhoogen,beersterhoogen,Oldambt,Groningen,
Beerta,beerta,Oldambt,Groningen,3508
Beertsenhoven,beertsenhoven,Gulpen-Wittem,Limburg,
Beerze,beerze,Ommen,Overijssel,2548
Beerzerveld,beerzerveld,Ommen,Overijssel,2549
Beesd,beesd,West Betuwe,Gelderland,3213
Beesel,beesel,Beesel,Limburg,1950
Beets,beets,Edam-Volendam,Noord-Holland,1837
Beetsterzwaag,beetsterzwaag,Opsterland,Fryslân,3343
Behelp,behelp,Asten,Noord-Brabant,
Beilen,beilen,Midden-Drenthe,Drenthe,3006
Beilervaart,beilervaart,Midden-Drenthe,Drenthe,
Beinsdorp,beinsdorp,Haarlemmermeer,Noord-Holland,1610
Bekelaar,bekelaar,Geldrop-Mierlo,Noord-Brabant,
Bekenes,bekenes,Woerden,Utrecht,
Bekveld,bekveld,Bronckhorst,Gelderland,
Beldert,beldert,Schouwen-Duiveland,Zeeland,
Belfeld,belfeld,Venlo,Limburg,1476
Belgenhoek,belgenhoek,Peel en Maas,Limburg,
Belgeren,belgeren,Deurne,Noord-Brabant,
Bellingwolde,bellingwolde,Westerwolde,Groningen,2231
Beltrum,beltrum,Berkelland,Gelderland,1661
Belt-Schutsloot,belt-schutsloot,Steenwijkerland,Overijssel,2694
Belvert,belvert,Oisterwijk,Noord-Brabant,
Bemelen,bemelen,Eijsden-Margraten,Limburg,1691
Bemmel,bemmel,Lingewaard,Gelderland,3131
Bemmer,bemmer,Laarbeek,Noord-Brabant,
Benderse,benderse,De Wolden,Drenthe,
Beneden Veensloot,beneden-veensloot,Midden-Groningen,Groningen,
Benedenberg,benedenberg,Krimpenerwaard,Zuid-Holland,
Benedeneind,benedeneind,Oss,Noord-Brabant,
Benedeneind,benedeneind,Veenendaal,Utrecht,
Beneden-Haastrecht,beneden-haastrecht,Krimpenerwaard,Zuid-Holland,
Benedenheul,benedenheul,Krimpenerwaard,Zuid-Holland,
Benedenkerk,benedenkerk,Krimpenerwaard,Zuid-Holland,
Beneden-Leeuwen,beneden-leeuwen,West Maas en Waal,Gelderland,1769
Bennebroek,bennebroek,Bloemendaal,Noord-Holland,3533
Bennekom,bennekom,Ede,Gelderland,2766
Benneveld,benneveld,Coevorden,Drenthe,2146
Benningbroek,benningbroek,Medemblik,Noord-Holland,3148
Benschop,benschop,Lopik,Utrecht,1958
Bent,bent,Alphen aan den Rijn,Zuid-Holland,
Bentelo,bentelo,Hof van Twente,Overijssel,1439
Benthem,benthem,Gemert-Bakel,Noord-Brabant,
Benthuizen,benthuizen,Alphen aan den Rijn,Zuid-Holland,2853
Bentveld,bentveld,Zandvoort,Noord-Holland,1306
Benzenrade,benzenrade,Heerlen,Limburg,
Berenbroek,berenbroek,Helmond,Noord-Brabant,
Berg,berg,Cranendonck,Noord-Brabant,
Berg,berg,Eijsden-Margraten,Limburg,
Berg,berg,Peel en Maas,Limburg,
Berg,berg,Stein,Limburg,
Berg (?),berg-,Valkenburg aan de Geul,Limburg,
Berg en Dal,berg-en-dal,Berg en Dal,Gelderland,3618
Berg en Terblijt,berg-en-terblijt,Valkenburg aan de Geul,Limburg,1716
Bergakker,bergakker,Tiel,Gelderland,
Bergambacht,bergambacht,Krimpenerwaard,Zuid-Holland,2365
Bergeijk,bergeijk,Bergeijk,Noord-Brabant,1457
Bergen,bergen,Bergen,Noord-Holland,
“Bergen (NH)”,bergen-nh,Bergen,Noord-Holland,3047
Bergen,bergen,Bergen,Limburg,
“Bergen L”,bergen-l,Bergen,Limburg,1121
Bergen aan Zee,bergen-aan-zee,Bergen,Noord-Holland,3046
Bergen op Zoom,bergen-op-zoom,Bergen op Zoom,Noord-Brabant,1937
Bergenhuizen,bergenhuizen,Eijsden-Margraten,Limburg,
Bergenshuizen,bergenshuizen,Vught,Noord-Brabant,
Bergentheim,bergentheim,Hardenberg,Overijssel,1541
Bergerden,bergerden,Lingewaard,Gelderland,
Bergharen,bergharen,Wijchen,Gelderland,2565
Berghem,berghem,Gulpen-Wittem,Limburg,
Berghem,berghem,Oss,Noord-Brabant,3250
Berghuizen,berghuizen,De Wolden,Drenthe,
Berghuizen,berghuizen,Heerde,Gelderland,
Berghuizen,berghuizen,West Maas en Waal,Gelderland,
Berghum,berghum,Dinkelland,Overijssel,
Bergsche Heide,bergsche-heide,Bergen,Limburg,
Bergschenhoek,bergschenhoek,Lansingerland,Zuid-Holland,1688
Bergstoep,bergstoep,Krimpenerwaard,Zuid-Holland,
Berik,berik,Leudal,Limburg,
Beringe,beringe,Peel en Maas,Limburg,3438
Berkeind,berkeind,Tilburg,Noord-Brabant,
Berkeindje,berkeindje,Someren,Noord-Brabant,
Berkel en Rodenrijs,berkel-en-rodenrijs,Lansingerland,Zuid-Holland,1687
Berkelaar,berkelaar,Echt-Susteren,Limburg,
Berkel-Enschot,berkel-enschot,Tilburg,Noord-Brabant,1044
Berkenwoude,berkenwoude,Krimpenerwaard,Zuid-Holland,2366
Berkhoek,berkhoek,Boekel,Noord-Brabant,
Berkhoek,berkhoek,Tilburg,Noord-Brabant,
Berkhout,berkhout,Koggenland,Noord-Holland,1184
Berkt,berkt,Bernheze,Noord-Brabant,
Berkt,berkt,Veldhoven,Noord-Brabant,
Berlicum,berlicum,Sint-Michielsgestel,Noord-Brabant,2057
Berltsum,berltsum,Waadhoeke,Fryslân,2724
Bern,bern,Zaltbommel,Gelderland,2627
Bernsterburen,bernsterburen,Súdwest-Fryslân,Fryslân,
Besselaar,besselaar,Sint-Michielsgestel,Noord-Brabant,
Best,best,Best,Noord-Brabant,1456
Besthmen,besthmen,Ommen,Overijssel,
Beswerd,beswerd,Westerkwartier,Groningen,
Bethlehem,bethlehem,Het Hogeland,Groningen,
Betterwurd,betterwurd,Noardeast-Fryslân,Fryslân,
Beugen,beugen,Land van Cuijk,Noord-Brabant,1214
Beugt,beugt,Bernheze,Noord-Brabant,
Beukelaar,beukelaar,Meierijstad,Noord-Brabant,
Beuningen,beuningen,Beuningen,Gelderland,
“Beuningen Gld”,beuningen-gld,Beuningen,Gelderland,2751
Beuningen,beuningen,Losser,Overijssel,1711
Beusbergen,beusbergen,Hof van Twente,Overijssel,
Beuseberg,beuseberg,Rijssen-Holten,Overijssel,
Beusichem,beusichem,Buren,Gelderland,3371
Beutenaken,beutenaken,Gulpen-Wittem,Limburg,1230
Bevermeer,bevermeer,Zevenaar,Gelderland,
Beverwijk,beverwijk,Beverwijk,Noord-Holland,2735
Biddinghuizen,biddinghuizen,Dronten,Flevoland,2429
Biert,biert,Nissewaard,Zuid-Holland,
Bierum,bierum,Eemsdelta,Groningen,3232
Biervliet,biervliet,Sluis,Zeeland,2975
Biervliet,biervliet,Terneuzen,Zeeland,1129
Biesstraat,biesstraat,Leudal,Limburg,
Biessum,biessum,Eemsdelta,Groningen,
Biesthoek,biesthoek,Maashorst,Noord-Brabant,
Biest-Houtakker,biest-houtakker,Hilvarenbeek,Noord-Brabant,1309
Biestraat,biestraat,Gilze en Rijen,Noord-Brabant,
Biezelinge,biezelinge,Kapelle,Zeeland,
Biezen,biezen,Sluis,Zeeland,
Biezenheuvel,biezenheuvel,Bladel,Noord-Brabant,
Biezenmortel,biezenmortel,Tilburg,Noord-Brabant,1425
Biggekerke,biggekerke,Veere,Zeeland,2775
Bijsteren,bijsteren,Putten,Gelderland,
Bijsterveld,bijsterveld,Eersel,Noord-Brabant,
Bikbergen,bikbergen,Huizen,Noord-Holland,
Bikkershorn,bikkershorn,Oldambt,Groningen,
Bilderdam,bilderdam,Kaag en Braassem,Zuid-Holland,
Billinghuizen,billinghuizen,Gulpen-Wittem,Limburg,
Bilt,bilt,Maasgouw,Limburg,
Bilthoven,bilthoven,De Bilt,Utrecht,2935
Bingelrade,bingelrade,Beekdaelen,Limburg,2845
Bingerden,bingerden,Zevenaar,Gelderland,
Binnen-Moerdijk,binnen-moerdijk,Drimmelen,Noord-Brabant,
Birstum,birstum,Heerenveen,Fryslân,
Bisschopswetering,bisschopswetering,Kampen,Overijssel,
Bisselt,bisselt,Mook en Middelaar,Limburg,
Bissen,bissen,Gulpen-Wittem,Limburg,
Bitgum,bitgum,Waadhoeke,Fryslân,2722
Bitgummole,bitgummole,Waadhoeke,Fryslân,2723
Blaaksedijk,blaaksedijk,Hoeksche Waard,Zuid-Holland,
Bladel,bladel,Bladel,Noord-Brabant,1064
Blaker,blaker,Westland,Zuid-Holland,
Blankenberg,blankenberg,Heumen,Gelderland,
Blankenham,blankenham,Steenwijkerland,Overijssel,2695
Blaricum,blaricum,Blaricum,Noord-Holland,2828
Blauw,blauw,Westerkwartier,Groningen,
Blauwe Hand,blauwe-hand,Steenwijkerland,Overijssel,
Blauwe Sluis,blauwe-sluis,Drimmelen,Noord-Brabant,
Blauwe Sluis,blauwe-sluis,Steenbergen,Noord-Brabant,
Blauwenhoek,blauwenhoek,Land van Cuijk,Noord-Brabant,
Blauwesluis,blauwesluis,West Maas en Waal,Gelderland,
Blauwestad,blauwestad,Oldambt,Groningen,3509
Blauwewijk,blauwewijk,Goes,Zeeland,
Blauwhuis,blauwhuis,Súdwest-Fryslân,Fryslân,2401
Blauwkapel,blauwkapel,De Bilt,Utrecht,
Blauwverlaat,blauwverlaat,Achtkarspelen,Fryslân,
Bleijenbeek,bleijenbeek,Bergen,Limburg,
Bleijs,bleijs,Deurne,Noord-Brabant,
Bleiswijk,bleiswijk,Lansingerland,Zuid-Holland,1689
Blekslage,blekslage,Stadskanaal,Groningen,
Blenkert,blenkert,Leudal,Limburg,
Blerick,blerick,Venlo,Limburg,
Blesdijke,blesdijke,Weststellingwerf,Fryslân,1720
Bleskensgraaf,bleskensgraaf,Molenlanden,Zuid-Holland,
“Bleskensgraaf ca”,bleskensgraaf-ca,Molenlanden,Zuid-Holland,1980
Blessum,blessum,Waadhoeke,Fryslân,2725
Blijdenstein,blijdenstein,De Wolden,Drenthe,
Blije,blije,Noardeast-Fryslân,Fryslân,3199
Blijham,blijham,Westerwolde,Groningen,2232
Blitterswijck,blitterswijck,Venray,Limburg,1856
Bloemberg,bloemberg,De Wolden,Drenthe,
Bloemendaal,bloemendaal,Bloemendaal,Noord-Holland,2654
Blokker,blokker,Hoorn,Noord-Holland,3613
Blokland,blokland,Montfoort,Utrecht,
Blokland,blokland,Nieuwkoop,Zuid-Holland,
Blokum,blokum,Midden-Groningen,Groningen,
Blokzijl,blokzijl,Steenwijkerland,Overijssel,2696
Boarnwert,boarnwert,Noardeast-Fryslân,Fryslân,3389
Boarnwerthuzen,boarnwerthuzen,Noardeast-Fryslân,Fryslân,
Boatebuorren,boatebuorren,Noardeast-Fryslân,Fryslân,
Boazum,boazum,Súdwest-Fryslân,Fryslân,2011
Bocholtz,bocholtz,Simpelveld,Limburg,3066
Bocholtzerheide,bocholtzerheide,Simpelveld,Limburg,
Boddenbroek,boddenbroek,Venray,Limburg,
Bodegraven,bodegraven,Bodegraven-Reeuwijk,Zuid-Holland,2665
Boeiink,boeiink,Roosendaal,Noord-Brabant,
Boekel,boekel,Boekel,Noord-Brabant,3138
Boekel,boekel,Castricum,Noord-Holland,
Boekelo,boekelo,Enschede,Overijssel,
Boekelte,boekelte,Weststellingwerf,Fryslân,
Boekend,boekend,Venlo,Limburg,
Boekhorst,boekhorst,Ooststellingwerf,Fryslân,
Boelenslaan,boelenslaan,Achtkarspelen,Fryslân,3174
Boer,boer,Waadhoeke,Fryslân,1371
Boerakker,boerakker,Westerkwartier,Groningen,2259
Boerdonk,boerdonk,Meierijstad,Noord-Brabant,
Boerelaan,boerelaan,Noordenveld,Drenthe,
Boerengat,boerengat,Terneuzen,Zeeland,
Boerenhoek,boerenhoek,Lingewaard,Gelderland,
Boerenhol,boerenhol,Sluis,Zeeland,
Boerenstreek,boerenstreek,Westerkwartier,Groningen,
Boerhaar,boerhaar,Olst-Wijhe,Overijssel,
Boermastreek,boermastreek,Borger-Odoorn,Drenthe,
Boesingheliede,boesingheliede,Haarlemmermeer,Noord-Holland,1615
Boijl,boijl,Weststellingwerf,Fryslân,1721
Bokhoven,bokhoven,'s-Hertogenbosch,Noord-Brabant,
Boksheide,boksheide,Eersel,Noord-Brabant,
Boksum,boksum,Waadhoeke,Fryslân,2726
Bokt,bokt,Eindhoven,Noord-Brabant,
Bolberg,bolberg,Breda,Noord-Brabant,
Bolberg,bolberg,Gilze en Rijen,Noord-Brabant,
Bolenberg,bolenberg,Venlo,Limburg,
Bollingwier,bollingwier,Noardeast-Fryslân,Fryslân,
Bolnes,bolnes,Ridderkerk,Zuid-Holland,
Bolshuizen,bolshuizen,Westerkwartier,Groningen,
Bolst,bolst,Meierijstad,Noord-Brabant,
Bolsward,bolsward,Súdwest-Fryslân,Fryslân,2079
Bommelskous,bommelskous,Hoeksche Waard,Zuid-Holland,
Bommerig,bommerig,Gulpen-Wittem,Limburg,
Bong,bong,Peel en Maas,Limburg,
Bong,bong,Venlo,Limburg,
Bonkwert,bonkwert,Waadhoeke,Fryslân,
Bonnerveen,bonnerveen,Aa en Hunze,Drenthe,
Bonrepas,bonrepas,Krimpenerwaard,Zuid-Holland,
Bontebok,bontebok,Heerenveen,Fryslân,2193
Bontebrug,bontebrug,Oude IJsselstreek,Gelderland,
Bontemorgen,bontemorgen,Buren,Gelderland,
Boomen,boomen,Someren,Noord-Brabant,
Boompjesdijk,boompjesdijk,Steenbergen,Noord-Brabant,
Booneschans,booneschans,Oldambt,Groningen,
Boord,boord,"Nuenen, Gerwen en Nederwetten",Noord-Brabant,
Boornbergum,boornbergum,Smallingerland,Fryslân,3275
Boornzwaag,boornzwaag,De Fryske Marren,Fryslân,2485
Boornzwaag over de Wielen,boornzwaag-over-de-wielen,De Fryske Marren,Fryslân,
Borculo,borculo,Berkelland,Gelderland,1659
Borger,borger,Borger-Odoorn,Drenthe,1782
Borgercompagnie,borgercompagnie,Midden-Groningen,Groningen,2275
Borgercompagnie,borgercompagnie,Veendam,Groningen,1242
Borgertange,borgertange,Westerwolde,Groningen,
Borgerveld,borgerveld,Westerwolde,Groningen,
Borgharen,borgharen,Maastricht,Limburg,
Borgsweer,borgsweer,Eemsdelta,Groningen,3233
Borgweg,borgweg,Midden-Groningen,Groningen,
Borkel,borkel,Valkenswaard,Noord-Brabant,
Borkeld,borkeld,Rijssen-Holten,Overijssel,
Born,born,Sittard-Geleen,Limburg,2808
Borne,borne,Borne,Overijssel,3511
Borne,borne,Meierijstad,Noord-Brabant,
Borneo,borneo,Land van Cuijk,Noord-Brabant,
Bornerbroek,bornerbroek,Almelo,Overijssel,1926
Borssele,borssele,Borsele,Zeeland,1252
Borteldonk,borteldonk,Roosendaal,Noord-Brabant,
Op den Bosch,op-den-bosch,Land van Cuijk,Noord-Brabant,
Bosch,bosch,Cranendonck,Noord-Brabant,
Bosch en Duin,bosch-en-duin,Zeist,Utrecht,2823
Boscheind,boscheind,Bergeijk,Noord-Brabant,
Boschheurne,boschheurne,Lochem,Gelderland,
Boschhoven,boschhoven,Baarle-Nassau,Noord-Brabant,
Boschhoven,boschhoven,Heeze-Leende,Noord-Brabant,
Boschkens,boschkens,Goirle,Noord-Brabant,
Boschoord,boschoord,Westerveld,Drenthe,3105
Boshoek,boshoek,Epe,Gelderland,
Boshoven,boshoven,Alphen-Chaam,Noord-Brabant,
Boshoven,boshoven,Bergeijk,Noord-Brabant,
Boshoven,boshoven,Weert,Limburg,
Boshuizen,boshuizen,Venray,Limburg,
Bosje,bosje,Aa en Hunze,Drenthe,
Boskamp,boskamp,Olst-Wijhe,Overijssel,
Boskant,boskant,Meierijstad,Noord-Brabant,
Boskant,boskant,Wijchen,Gelderland,
Boskoop,boskoop,Alphen aan den Rijn,Zuid-Holland,2998
Boslust,boslust,Alphen-Chaam,Noord-Brabant,
Bosschenhoofd,bosschenhoofd,Halderberge,Noord-Brabant,1249
Bosschenhuizen,bosschenhuizen,Simpelveld,Limburg,
Bosscherheide,bosscherheide,Bergen,Limburg,
Bosserstraat,bosserstraat,Nederweert,Limburg,
Bosven,bosven,Weert,Limburg,
Boterveen,boterveen,Westerveld,Drenthe,
Boterwijk,boterwijk,Oirschot,Noord-Brabant,
Botlek,botlek,Rotterdam,Zuid-Holland,
“Botlek Rotterdam”,botlek-rotterdam,Rotterdam,Zuid-Holland,3080
Botshoofd,botshoofd,Tholen,Zeeland,
Bouchauterhaven,bouchauterhaven,Terneuzen,Zeeland,
Boudewijnskerke,boudewijnskerke,Veere,Zeeland,
Boukoul,boukoul,Roermond,Limburg,
Bourtange,bourtange,Westerwolde,Groningen,2294
Bouwerschap,bouwerschap,Groningen,Groningen,
Boven Pekela,boven-pekela,Pekela,Groningen,
Boven Veensloot,boven-veensloot,Midden-Groningen,Groningen,
Bovenberg,bovenberg,Krimpenerwaard,Zuid-Holland,
Boveneind,boveneind,Oss,Noord-Brabant,
Boveneinde,boveneinde,Barneveld,Gelderland,
Boven-Haastrecht,boven-haastrecht,Krimpenerwaard,Zuid-Holland,
Boven-Hardinxveld,boven-hardinxveld,Hardinxveld-Giessendam,Zuid-Holland,
Bovenkarspel,bovenkarspel,Stede Broec,Noord-Holland,1102
Bovenkerk,bovenkerk,Amstelveen,Noord-Holland,
Bovenkerk,bovenkerk,Krimpenerwaard,Zuid-Holland,
Boven-Leeuwen,boven-leeuwen,West Maas en Waal,Gelderland,1770
Bovenrijge,bovenrijge,Groningen,Groningen,
Bovensluis,bovensluis,Moerdijk,Noord-Brabant,
Bovensmilde,bovensmilde,Midden-Drenthe,Drenthe,3007
Bovenstad,bovenstad,Krimpenerwaard,Zuid-Holland,
Bovenstehuis,bovenstehuis,Boekel,Noord-Brabant,
Bovenstreek,bovenstreek,Aa en Hunze,Drenthe,
Bovenstreek,bovenstreek,Oldambt,Groningen,
Boxmeer,boxmeer,Land van Cuijk,Noord-Brabant,1215
Boxtel,boxtel,Boxtel,Noord-Brabant,2439
Braakhoek,braakhoek,Reusel-De Mierden,Noord-Brabant,
Braamberg,braamberg,Hardenberg,Overijssel,
Braamberg,braamberg,Stadskanaal,Groningen,
Braambos(ch) (?),braambosch-,Bergeijk,Noord-Brabant,
Braamt,braamt,Montferland,Gelderland,2204
Brabander,brabander,Venray,Limburg,
Brakel,brakel,Goirle,Noord-Brabant,
Brakel,brakel,Zaltbommel,Gelderland,2628
Brammelo,brammelo,Haaksbergen,Overijssel,
Brand,brand,Maashorst,Noord-Brabant,
Brandemolen,brandemolen,Venlo,Limburg,
Brandt,brandt,Maasgouw,Limburg,
Brandwijk,brandwijk,Molenlanden,Zuid-Holland,1981
Brantgum,brantgum,Noardeast-Fryslân,Fryslân,3390
Breda,breda,Breda,Noord-Brabant,3622
Bredelaar,bredelaar,Overbetuwe,Gelderland,
Bredevoort,bredevoort,Aalten,Gelderland,1194
Breede,breede,Het Hogeland,Groningen,
Breedenbroek,breedenbroek,Oude IJsselstreek,Gelderland,1587
Breedeveen,breedeveen,Utrechtse Heuvelrug,Utrecht,
Breedeweg,breedeweg,Berg en Dal,Gelderland,
Breedschot,breedschot,Zundert,Noord-Brabant,
Breehees,breehees,Goirle,Noord-Brabant,
Breemortel,breemortel,Deurne,Noord-Brabant,
Breeveld,breeveld,Woerden,Utrecht,
Breezand,breezand,Hollands Kroon,Noord-Holland,3186
Breezanddijk,breezanddijk,Súdwest-Fryslân,Fryslân,2303
Breklenkamp,breklenkamp,Dinkelland,Overijssel,
Brem,brem,Tilburg,Noord-Brabant,
Brembosch,brembosch,Roosendaal,Noord-Brabant,
Breskens,breskens,Sluis,Zeeland,2965
Breudijk,breudijk,Woerden,Utrecht,
Breugel,breugel,Son en Breugel,Noord-Brabant,
Breukelen,breukelen,Stichtse Vecht,Utrecht,1392
Breukeleveen,breukeleveen,Wijdemeren,Noord-Holland,3004
Breyvin,breyvin,Weert,Limburg,
Brielle,brielle,Voorne aan Zee,Zuid-Holland,2368
Brigdamme,brigdamme,Middelburg,Zeeland,
Brijdorpe,brijdorpe,Schouwen-Duiveland,Zeeland,
Brillerij,brillerij,Westerkwartier,Groningen,
Briltil,briltil,Westerkwartier,Groningen,2115
Brinkmanshoek,brinkmanshoek,Berkelland,Gelderland,
Britsum,britsum,Leeuwarden,Fryslân,3225
Britswert,britswert,Súdwest-Fryslân,Fryslân,2012
Broek,broek,Het Hogeland,Groningen,
Broek,broek,De Fryske Marren,Fryslân,2486
Broek,broek,Gulpen-Wittem,Limburg,
Broek,broek,Horst aan de Maas,Limburg,
Broek,broek,Laarbeek,Noord-Brabant,
Broek,broek,Peel en Maas,Limburg,
Broek,broek,Simpelveld,Limburg,
Broek,broek,Vijfheerenlanden,Utrecht,
Broek,broek,De Fryske Marren,Fryslân,
(Den) Broek (?),den-broek-,Horst aan de Maas,Limburg,
Broek in Waterland,broek-in-waterland,Waterland,Noord-Holland,1940
Broek op Langedijk,broek-op-langedijk,Dijk en Waard,Noord-Holland,1116
Broekeind,broekeind,Horst aan de Maas,Limburg,
Broekenseind,broekenseind,Bladel,Noord-Brabant,
Broekheurne,broekheurne,Enschede,Overijssel,
Broekhoven,broekhoven,Bergeijk,Noord-Brabant,
Broekhoven,broekhoven,Meerssen,Limburg,
Broekhuizen,broekhuizen,Dalfsen,Overijssel,
Broekhuizen,broekhuizen,De Wolden,Drenthe,
Broekhuizen,broekhuizen,Horst aan de Maas,Limburg,1027
Broekhuizen,broekhuizen,Meppel,Drenthe,1086
Broekhuizenvorst,broekhuizenvorst,Horst aan de Maas,Limburg,1028
Broekkant,broekkant,Cranendonck,Noord-Brabant,
Broekkant,broekkant,Laarbeek,Noord-Brabant,
Broekkant,broekkant,Land van Cuijk,Noord-Brabant,
Broekkant,broekkant,Someren,Noord-Brabant,
Broekland,broekland,Raalte,Overijssel,1497
Broeksterwâld,broeksterwld,Dantumadiel,Fryslân,3265
Broekzijde,broekzijde,Oisterwijk,Noord-Brabant,
Broerdijk,broerdijk,Medemblik,Noord-Holland,
Brommelen,brommelen,Meerssen,Limburg,
Brommelen,brommelen,Beekdaelen,Limburg,
Bronkhorst,bronkhorst,Bronckhorst,Gelderland,1530
Bronneger,bronneger,Borger-Odoorn,Drenthe,1783
Bronnegerveen,bronnegerveen,Borger-Odoorn,Drenthe,1784
Bronsveen,bronsveen,Pekela,Groningen,
Brouwershaven,brouwershaven,Schouwen-Duiveland,Zeeland,2674
Bruchem,bruchem,Zaltbommel,Gelderland,2629
Brucht,brucht,Hardenberg,Overijssel,1542
Bruchterveld,bruchterveld,Hardenberg,Overijssel,3609
Bruggen,bruggen,Land van Cuijk,Noord-Brabant,
Bruggerhuizen,bruggerhuizen,Heeze-Leende,Noord-Brabant,
Bruinehaar,bruinehaar,Twenterand,Overijssel,3320
Bruinisse,bruinisse,Schouwen-Duiveland,Zeeland,2675
Bruisterbosch,bruisterbosch,Eijsden-Margraten,Limburg,
Brumhold,brumhold,Leudal,Limburg,
Brummen,brummen,Brummen,Gelderland,1111
Brunssum,brunssum,Brunssum,Limburg,2849
Brunsting,brunsting,Midden-Drenthe,Drenthe,
Bruntinge,bruntinge,Midden-Drenthe,Drenthe,3008
Buchten,buchten,Sittard-Geleen,Limburg,2809
Budel,budel,Cranendonck,Noord-Brabant,1571
Budel-Dorplein,budel-dorplein,Cranendonck,Noord-Brabant,1573
Budel-Schoot,budel-schoot,Cranendonck,Noord-Brabant,1572
Buggenum,buggenum,Leudal,Limburg,2941
Buinen,buinen,Borger-Odoorn,Drenthe,1785
Buinerveen,buinerveen,Borger-Odoorn,Drenthe,1786
Buitenhuizen,buitenhuizen,De Wolden,Drenthe,
Buitenkaag,buitenkaag,Haarlemmermeer,Noord-Holland,1607
Buitenpost,buitenpost,Achtkarspelen,Fryslân,3175
Buitenstverlaat,buitenstverlaat,Smallingerland,Fryslân,
Bulkemsbroek,bulkemsbroek,Simpelveld,Limburg,
Bulkenaar,bulkenaar,Roosendaal,Noord-Brabant,
Bullenkamp,bullenkamp,Wijchen,Gelderland,
Bultinge,bultinge,De Wolden,Drenthe,
Bunde,bunde,Meerssen,Limburg,1461
Bunne,bunne,Tynaarlo,Drenthe,2914
Bunnik,bunnik,Bunnik,Utrecht,2603
Bunschoten-Spakenburg,bunschoten-spakenburg,Bunschoten,Utrecht,2237
Burdaard,burdaard,Noardeast-Fryslân,Fryslân,3200
Buren,buren,Buren,Gelderland,3372
Buren,buren,Ameland,Fryslân,2589
Burgemeester Beinsdorp,burgemeester-beinsdorp,Westerwolde,Groningen,
Burgerbrug,burgerbrug,Schagen,Noord-Holland,2762
Burgersdijk,burgersdijk,Midden-Delfland,Zuid-Holland,
Burgersdijk,burgersdijk,Westland,Zuid-Holland,
Burgerveen,burgerveen,Haarlemmermeer,Noord-Holland,1603
Burgervlotbrug,burgervlotbrug,Schagen,Noord-Holland,
Burgh,burgh,Schouwen-Duiveland,Zeeland,
Burgh-Haamstede,burgh-haamstede,Schouwen-Duiveland,Zeeland,2676
Burghsluis,burghsluis,Schouwen-Duiveland,Zeeland,
Burgt,burgt,Boekel,Noord-Brabant,
Burgum,burgum,Tytsjerksteradiel,Fryslân,2451
Burgwerd,burgwerd,Súdwest-Fryslân,Fryslân,2304
Burum,burum,Noardeast-Fryslân,Fryslân,3308
Bus,bus,Bernheze,Noord-Brabant,
Bus,bus,Meierijstad,Noord-Brabant,
Bussel,bussel,Asten,Noord-Brabant,
Busselte,busselte,Westerveld,Drenthe,
Bussereind,bussereind,Beesel,Limburg,
Bussloo,bussloo,Voorst,Gelderland,
Bussum,bussum,Gooise Meren,Noord-Holland,1331
Buttinga,buttinga,Ooststellingwerf,Fryslân,
Buttinge,buttinge,Veere,Zeeland,
Buurmalsen,buurmalsen,West Betuwe,Gelderland,3532
Buurmalsen,buurmalsen,Buren,Gelderland,3373
Buurse,buurse,Haaksbergen,Overijssel,
Buurtje,buurtje,Altena,Noord-Brabant,
Buweklooster,buweklooster,Achtkarspelen,Fryslân,
Cabauw,cabauw,Lopik,Utrecht,
Cadier en Keer,cadier-en-keer,Eijsden-Margraten,Limburg,1692
Cadzand,cadzand,Sluis,Zeeland,2964
Cadzand-Bad,cadzand-bad,Sluis,Zeeland,
Calfven,calfven,Woensdrecht,Noord-Brabant,
Californië,californi,Horst aan de Maas,Limburg,
Californië,californi,Maasdriel,Gelderland,
Callantsoog,callantsoog,Schagen,Noord-Holland,2757
Calslagen,calslagen,Aalsmeer,Noord-Holland,
Caluna,caluna,Leudal,Limburg,
Camerig,camerig,Vaals,Limburg,
Capelle,capelle,Waalwijk,Noord-Brabant,
Capelle aan den IJssel,capelle-aan-den-ijssel,Capelle aan den IJssel,Zuid-Holland,1105
Capelle-West,capelle-west,Capelle aan den IJssel,Zuid-Holland,
Carnisse,carnisse,Barendrecht,Zuid-Holland,
Cartils,cartils,Gulpen-Wittem,Limburg,
Castelre,castelre,Baarle-Nassau,Noord-Brabant,2885
Castelré,castelr,Baarle-Nassau,Noord-Brabant,
Castenray,castenray,Venray,Limburg,2328
Casteren,casteren,Bladel,Noord-Brabant,1067
Castert,castert,Weert,Limburg,
Castricum,castricum,Castricum,Noord-Holland,2268
Catsop,catsop,Stein,Limburg,
Cattenbroek,cattenbroek,Montfoort,Utrecht,
Cellemuiden,cellemuiden,Zwartewaterland,Overijssel,
Ceresdorp,ceresdorp,Stadskanaal,Groningen,
Chaam,chaam,Alphen-Chaam,Noord-Brabant,3433
Chaamdijk,chaamdijk,Alphen-Chaam,Noord-Brabant,
Clinge,clinge,Hulst,Zeeland,3092
Coevorden,coevorden,Coevorden,Drenthe,2147
Coldenhove,coldenhove,Brummen,Gelderland,
Colijnsplaat,colijnsplaat,Noord-Beveland,Zeeland,3190
Collendoorn,collendoorn,Hardenberg,Overijssel,1544
Collendoornerveen,collendoornerveen,Hardenberg,Overijssel,
Colmont,colmont,Voerendaal,Limburg,
Colmschate,colmschate,Deventer,Overijssel,2855
Commissiepolle,commissiepolle,De Fryske Marren,Fryslân,
Cornwerd,cornwerd,Súdwest-Fryslân,Fryslân,2305
Cortenoever,cortenoever,Brummen,Gelderland,
Cothen,cothen,Wijk bij Duurstede,Utrecht,1304
Cottessen,cottessen,Vaals,Limburg,
Couwelaar,couwelaar,Alphen-Chaam,Noord-Brabant,
Crailo,crailo,Huizen,Noord-Holland,
Cranendonck,cranendonck,Cranendonck,Noord-Brabant,
Crapoel,crapoel,Gulpen-Wittem,Limburg,
Craubeek,craubeek,Voerendaal,Limburg,
Creil,creil,Noordoostpolder,Flevoland,1281
Crèvecoeur,crvecoeur,'s-Hertogenbosch,Noord-Brabant,
Crixhoek,crixhoek,Weert,Limburg,
Crob,crob,West Betuwe,Gelderland,
Cromvoirt,cromvoirt,Vught,Noord-Brabant,1620
Croy,croy,Helmond,Noord-Brabant,
Cruquius,cruquius,Haarlemmermeer,Noord-Holland,1612
Cuijk,cuijk,Land van Cuijk,Noord-Brabant,1450
Culemborg,culemborg,Culemborg,Gelderland,2052
Daarle,daarle,Hellendoorn,Overijssel,1038
Daarlerveen,daarlerveen,Hellendoorn,Overijssel,1039
Dal,dal,Gulpen-Wittem,Limburg,
Daland,daland,Venray,Limburg,
Dale,dale,Aalten,Gelderland,
Dalem,dalem,Bladel,Noord-Brabant,
Dalem,dalem,Gorinchem,Zuid-Holland,2300
Dalen,dalen,Coevorden,Drenthe,2148
Dalerend,dalerend,Coevorden,Drenthe,
Dalerpeel,dalerpeel,Coevorden,Drenthe,2149
Dalerveen,dalerveen,Coevorden,Drenthe,2150
Dalfsen,dalfsen,Dalfsen,Overijssel,1237
Dallingeweer,dallingeweer,Eemsdelta,Groningen,
Dalmsholte,dalmsholte,Ommen,Overijssel,2550
Dam,dam,Gennep,Limburg,
Damwâld,damwld,Dantumadiel,Fryslân,3266
Daniken,daniken,Beekdaelen,Limburg,
Darp,darp,Westerveld,Drenthe,3106
Darthuizen,darthuizen,Utrechtse Heuvelrug,Utrecht,
Dassemus,dassemus,Alphen-Chaam,Noord-Brabant,
De Ryp,de-ryp,Noardeast-Fryslân,Fryslân,
De Aa,de-aa,Bergeijk,Noord-Brabant,
De Baan,de-baan,Altena,Noord-Brabant,
De Beek,de-beek,Asten,Noord-Brabant,
De Beek,de-beek,Ermelo,Gelderland,
De Belt,de-belt,Hardenberg,Overijssel,
De Bente,de-bente,Coevorden,Drenthe,
De Berg,de-berg,Land van Cuijk,Noord-Brabant,
De Berg,de-berg,Weert,Limburg,
De Berk,de-berk,Rucphen,Noord-Brabant,
De Berken,de-berken,Asten,Noord-Brabant,
De Biezen,de-biezen,Laarbeek,Noord-Brabant,
De Bilt,de-bilt,De Bilt,Utrecht,2934
De Birkt,de-birkt,Soest,Utrecht,
De Blesse,de-blesse,Weststellingwerf,Fryslân,1722
De Blijnse,de-blijnse,Harlingen,Fryslân,
De Blokken,de-blokken,Súdwest-Fryslân,Fryslân,
De Boberden,de-boberden,Weert,Limburg,
De Bocht,de-bocht,Steenbergen,Noord-Brabant,
De Boer,de-boer,Land van Cuijk,Noord-Brabant,
De Bolt,de-bolt,Land van Cuijk,Noord-Brabant,
De Bosjes,de-bosjes,Buren,Gelderland,
De Bree,de-bree,Bodegraven-Reeuwijk,Zuid-Holland,
De Bree,de-bree,Woerden,Utrecht,
De Bruil,de-bruil,Berkelland,Gelderland,
De Bruil,de-bruil,Westerwolde,Groningen,
De Buis,de-buis,Zundert,Noord-Brabant,
De Bult,de-bult,Westerwolde,Groningen,
De Bult,de-bult,Steenwijkerland,Overijssel,2697
De Bus,de-bus,Meierijstad,Noord-Brabant,
De Bus,de-bus,Meierijstad,Noord-Brabant,
De Buurt,de-buurt,Medemblik,Noord-Holland,
De Cocksdorp,de-cocksdorp,Texel,Noord-Holland,2737
De Dellen,de-dellen,Land van Cuijk,Noord-Brabant,
(De) Dingen,de-dingen,Het Hogeland,Groningen,
De Donk,de-donk,Molenlanden,Zuid-Holland,
De Dood,de-dood,Rucphen,Noord-Brabant,
De Driesprong,de-driesprong,Westland,Zuid-Holland,
De Druif,de-druif,Moerdijk,Noord-Brabant,
De Elft,de-elft,Land van Cuijk,Noord-Brabant,
De Eng,de-eng,Duiven,Gelderland,
De Engel,de-engel,Lisse,Zuid-Holland,
De Falom,de-falom,Dantumadiel,Fryslân,3267
De Gaasten,de-gaasten,Smallingerland,Fryslân,
De Gagel,de-gagel,Land van Cuijk,Noord-Brabant,
De Ginkel,de-ginkel,Ede,Gelderland,
De Glind,de-glind,Barneveld,Gelderland,1061
De Goorn,de-goorn,Koggenland,Noord-Holland,1185
De Grits,de-grits,Súdwest-Fryslân,Fryslân,
De Groe,de-groe,Goes,Zeeland,
De Groep,de-groep,Utrechtse Heuvelrug,Utrecht,
De Groeve,de-groeve,Tynaarlo,Drenthe,2924
De Haandrik,de-haandrik,Hardenberg,Overijssel,
De Haar,de-haar,Assen,Drenthe,
De Haar,de-haar,Berkelland,Gelderland,
De Haar,de-haar,Coevorden,Drenthe,
De Haar,de-haar,Hardenberg,Overijssel,
De Haar,de-haar,Hoogeveen,Drenthe,
De Haar,de-haar,Westerkwartier,Groningen,
De Haere,de-haere,Apeldoorn,Gelderland,
(De) Haspel,de-haspel,Westerkwartier,Groningen,
De Heen,de-heen,Steenbergen,Noord-Brabant,1401
De Hees,de-hees,Eersel,Noord-Brabant,
De Hees,de-hees,Horst aan de Maas,Limburg,
De Heiberg,de-heiberg,Rucphen,Noord-Brabant,
De Heide,de-heide,Horst aan de Maas,Limburg,
De Hel,de-hel,Súdwest-Fryslân,Fryslân,
De Hem,de-hem,Krimpenerwaard,Zuid-Holland,
De Hem,de-hem,Krimpenerwaard,Zuid-Holland,
De Hem,de-hem,Leeuwarden,Fryslân,
De Heul,de-heul,Houten,Utrecht,
De Heurne,de-heurne,Aalten,Gelderland,1195
De Heuvel,de-heuvel,Buren,Gelderland,
De Heuvel,de-heuvel,Waalre,Noord-Brabant,
De Heuvels,de-heuvels,Kampen,Overijssel,
De Hilte,de-hilte,Aa en Hunze,Drenthe,
De Hoef,de-hoef,De Ronde Venen,Utrecht,3548
De Hoef,de-hoef,Eersel,Noord-Brabant,
De Hoef,de-hoef,Land van Cuijk,Noord-Brabant,
De Hoef,de-hoef,Reusel-De Mierden,Noord-Brabant,
De Hoef,de-hoef,Someren,Noord-Brabant,
De Hoef,de-hoef,Altena,Noord-Brabant,
De Hoek,de-hoek,Reusel-De Mierden,Noord-Brabant,
De Hoeve,de-hoeve,Weststellingwerf,Fryslân,1723
De Hoeven,de-hoeven,Heusden,Noord-Brabant,
De Hogert,de-hogert,Sint-Michielsgestel,Noord-Brabant,
De Holm,de-holm,Westerkwartier,Groningen,
De Hooge Wegen,de-hooge-wegen,Raalte,Overijssel,
De Horck,de-horck,Leudal,Limburg,
De Horst,de-horst,Berg en Dal,Gelderland,
De Horst,de-horst,Berkelland,Gelderland,
De Horst,de-horst,Noordenveld,Drenthe,
De Horst,de-horst,Weert,Limburg,
De Houw,de-houw,Het Hogeland,Groningen,
De Hut,de-hut,Gulpen-Wittem,Limburg,
De Hutten,de-hutten,Someren,Noord-Brabant,
De Jammer,de-jammer,Westerkwartier,Groningen,
De Jouwer,de-jouwer,Westerkwartier,Groningen,
De Kade,de-kade,Ede,Gelderland,
De Kapel,de-kapel,Valkenswaard,Noord-Brabant,
De Kar,de-kar,Voorst,Gelderland,
De Keegen,de-keegen,Noardeast-Fryslân,Fryslân,
De Kempkens,de-kempkens,Meierijstad,Noord-Brabant,
De Kiel,de-kiel,Coevorden,Drenthe,2151
De Kievit,de-kievit,Peel en Maas,Limburg,
De Klei,de-klei,Noordwijk,Zuid-Holland,
De Klem,de-klem,Hoeksche Waard,Zuid-Holland,
De Klomp,de-klomp,Ede,Gelderland,2770
De Klosse,de-klosse,Steenwijkerland,Overijssel,
De Knipe,de-knipe,Heerenveen,Fryslân,2190
De Knol,de-knol,Terneuzen,Zeeland,
De Knolle,de-knolle,Ooststellingwerf,Fryslân,
De Kolk,de-kolk,Noardeast-Fryslân,Fryslân,
De Kolk,de-kolk,Steenwijkerland,Overijssel,
De Kolonie,de-kolonie,Wierden,Overijssel,
De Koog,de-koog,Texel,Noord-Holland,2738
De Kooi,de-kooi,Molenlanden,Zuid-Holland,
De Kooi,de-kooi,Smallingerland,Fryslân,
De Kraan,de-kraan,Tilburg,Noord-Brabant,
De Kraats,de-kraats,Ede,Gelderland,
De Krim,de-krim,Apeldoorn,Gelderland,
De Krim,de-krim,Hardenberg,Overijssel,1545
De Krosselt,de-krosselt,Venlo,Limburg,
De Kwakel,de-kwakel,Uithoorn,Noord-Holland,3539
De Laan,de-laan,Geertruidenberg,Noord-Brabant,
(De) Langstraat (?),de-langstraat-,Goeree-Overflakkee,Zuid-Holland,
(De) Laren (?),de-laren-,Meierijstad,Noord-Brabant,
De Leijen,de-leijen,Staphorst,Overijssel,
De Lent,de-lent,Zundert,Noord-Brabant,
De Lethe,de-lethe,Westerwolde,Groningen,
De Leuke,de-leuke,Bronckhorst,Gelderland,
De Lier,de-lier,Westland,Zuid-Holland,2655
De Logt,de-logt,Oisterwijk,Noord-Brabant,
De Loo,de-loo,Geldrop-Mierlo,Noord-Brabant,
De Loofaert,de-loofaert,Sint-Michielsgestel,Noord-Brabant,
De Looi,de-looi,Gennep,Limburg,
De Lutte,de-lutte,Losser,Overijssel,
“de Lutte”,de-lutte,Losser,Overijssel,1714
Lutjeloo,lutjeloo,Westerwolde,Groningen,
De Maat,de-maat,Hardenberg,Overijssel,
De Mars,de-mars,Buren,Gelderland,
De Mars,de-mars,Coevorden,Drenthe,
De Marshoek,de-marshoek,Dalfsen,Overijssel,
De Maten,de-maten,Westerwolde,Groningen,
De Meele,de-meele,Dalfsen,Overijssel,
De Meene,de-meene,Bronckhorst,Gelderland,
De Meene,de-meene,Hardenberg,Overijssel,
De Meern,de-meern,Utrecht,Utrecht,3297
De Moer,de-moer,Loon op Zand,Noord-Brabant,3054
De Mortel,de-mortel,Gemert-Bakel,Noord-Brabant,2093
De Muis,de-muis,Terneuzen,Zeeland,
De Mulderij,de-mulderij,Hardenberg,Overijssel,
De Munte,de-munte,Sluis,Zeeland,
De Nachtegaal,de-nachtegaal,Venray,Limburg,
De Nieuwe Hoeven,de-nieuwe-hoeven,Nederweert,Limburg,
De Overval,de-overval,Steenbergen,Noord-Brabant,
De Paauwen,de-paauwen,Midden-Groningen,Groningen,
De Pan,de-pan,Bladel,Noord-Brabant,
De Pas,de-pas,Lingewaard,Gelderland,
De Pas,de-pas,Lingewaard,Gelderland,
De Plaats,de-plaats,Land van Cuijk,Noord-Brabant,
De Poffert,de-poffert,Westerkwartier,Groningen,
De Pol,de-pol,Hardenberg,Overijssel,
De Pol,de-pol,Noordenveld,Drenthe,
De Pol,de-pol,Steenwijkerland,Overijssel,2698
De Polle,de-polle,Midden-Drenthe,Drenthe,
De Pollen,de-pollen,Twenterand,Overijssel,
De Posthoorn,de-posthoorn,Rucphen,Noord-Brabant,
De Punt,de-punt,Tynaarlo,Drenthe,2915
De Rand,de-rand,Tholen,Zeeland,
De Ratte,de-ratte,Terneuzen,Zeeland,
De Rietschoof,de-rietschoof,Zaltbommel,Gelderland,
De Rijlst,de-rijlst,De Fryske Marren,Fryslân,
De Rijp,de-rijp,Alkmaar,Noord-Holland,3553
De Rijtjes,de-rijtjes,Land van Cuijk,Noord-Brabant,
De Rips,de-rips,Gemert-Bakel,Noord-Brabant,2094
De Roskam,de-roskam,Kampen,Overijssel,
De Rotte,de-rotte,Lansingerland,Zuid-Holland,
De Rotting,de-rotting,Roosendaal,Noord-Brabant,
De Ruif,de-ruif,Leusden,Utrecht,
De Ruigewaard,de-ruigewaard,Westerkwartier,Groningen,
De Rund,de-rund,Bergeijk,Noord-Brabant,
De Schans,de-schans,Hardenberg,Overijssel,
De Schans,de-schans,Noardeast-Fryslân,Fryslân,
De Schatkuil,de-schatkuil,Heumen,Gelderland,
De Schietbaan,de-schietbaan,Rucphen,Noord-Brabant,
(De) Schifpot,de-schifpot,Westerkwartier,Groningen,
De Schiphorst,de-schiphorst,Meppel,Drenthe,1085
De Schoolt,de-schoolt,Lochem,Gelderland,
De Schutterij,de-schutterij,Oost Gelre,Gelderland,
De Skâns-Oostmahorn,de-skns-oostmahorn,Noardeast-Fryslân,Fryslân,
De Sluis,de-sluis,Terneuzen,Zeeland,
De Snipperij,de-snipperij,Westerkwartier,Groningen,
De Stapel,de-stapel,De Wolden,Drenthe,
De Steeg,de-steeg,Rheden,Gelderland,1502
De Steegh,de-steegh,Horst aan de Maas,Limburg,
De Sterre,de-sterre,Terneuzen,Zeeland,
De Streek,de-streek,Het Hogeland,Groningen,
De Stuw,de-stuw,De Wolden,Drenthe,
De Tibben,de-tibben,Noardeast-Fryslân,Fryslân,
De Tike,de-tike,Smallingerland,Fryslân,3276
De Tippe,de-tippe,De Wolden,Drenthe,
De Trieme,de-trieme,Noardeast-Fryslân,Fryslân,3314
De Tuut,de-tuut,West Maas en Waal,Gelderland,
(De) Val (?),de-val-,Terneuzen,Zeeland,
De Valk,de-valk,Ede,Gelderland,
De Vecht,de-vecht,Voorst,Gelderland,
De Veenhoop,de-veenhoop,Smallingerland,Fryslân,3277
De Veenhuis,de-veenhuis,Nijkerk,Gelderland,
De Velde,de-velde,Zwartewaterland,Overijssel,
(De ?) Vleut,de--vleut,Best,Noord-Brabant,
De Voorstad,de-voorstad,Deurne,Noord-Brabant,
De Voort,de-voort,Eersel,Noord-Brabant,
De Voort,de-voort,Venlo,Limburg,
De Vorst,de-vorst,Boxtel,Noord-Brabant,
De Vorst,de-vorst,Horst aan de Maas,Limburg,
De Waal,de-waal,Texel,Noord-Holland,2739
De Weerd,de-weerd,Roermond,Limburg,
De Weere,de-weere,Opmeer,Noord-Holland,2789
De Weere,de-weere,Hollands Kroon,Noord-Holland,
De Weijer,de-weijer,Helmond,Noord-Brabant,
De Wielse Hoeven,de-wielse-hoeven,Sint-Michielsgestel,Noord-Brabant,
De Wigeast ofWygeast (?),de-wigeast-ofwygeast-,Noardeast-Fryslân,Fryslân,
de Wijk,de-wijk,De Wolden,Drenthe,3162
De Wilgen,de-wilgen,Smallingerland,Fryslân,3278
De Wilp,de-wilp,Westerkwartier,Groningen,2260
(De) Wippert,de-wippert,Lochem,Gelderland,
De Wolfsputten,de-wolfsputten,Laarbeek,Noord-Brabant,
De Wopereis,de-wopereis,Oost Gelre,Gelderland,
De Woude,de-woude,Castricum,Noord-Holland,
“de Woude”,de-woude,Castricum,Noord-Holland,2269
De Zak,de-zak,Borsele,Zeeland,
De Zande,de-zande,Kampen,Overijssel,
De Zandput,de-zandput,Veere,Zeeland,
De Zilk,de-zilk,Noordwijk,Zuid-Holland,1928
Dearsum,dearsum,Súdwest-Fryslân,Fryslân,2526
Dedemsvaart,dedemsvaart,Hardenberg,Overijssel,1546
Dedgum,dedgum,Súdwest-Fryslân,Fryslân,2306
Deelen,deelen,Ede,Gelderland,2773
Deelse Kampen,deelse-kampen,Gemert-Bakel,Noord-Brabant,
Deelshurk,deelshurk,Valkenswaard,Noord-Brabant,
Deense Hoek,deense-hoek,Laarbeek,Noord-Brabant,
Deest,deest,Druten,Gelderland,2903
Deil,deil,West Betuwe,Gelderland,3217
Deinum,deinum,Waadhoeke,Fryslân,2727
Dekeshorst,dekeshorst,Peel en Maas,Limburg,
Dekkershuizen,dekkershuizen,Eemsdelta,Groningen,
Delburen,delburen,De Fryske Marren,Fryslân,
Delden,delden,Bronckhorst,Gelderland,
Delden,delden,Hof van Twente,Overijssel,1440
Deldenerbroek,deldenerbroek,Hof van Twente,Overijssel,
Deldeneresch,deldeneresch,Hof van Twente,Overijssel,
Delfgauw,delfgauw,Pijnacker-Nootdorp,Zuid-Holland,1143
Delfstrahuizen,delfstrahuizen,De Fryske Marren,Fryslân,2240
Delft,delft,Delft,Zuid-Holland,2138
Delfzijl,delfzijl,Eemsdelta,Groningen,3234
Delwijnen,delwijnen,Zaltbommel,Gelderland,2630
Demen,demen,Oss,Noord-Brabant,3260
Demmerik,demmerik,De Ronde Venen,Utrecht,
Den Akker,den-akker,Neder-Betuwe,Gelderland,
Den Andel,den-andel,Het Hogeland,Groningen,2466
Den Berg,den-berg,Boxtel,Noord-Brabant,
Den Bommel,den-bommel,Goeree-Overflakkee,Zuid-Holland,2132
Den Braam,den-braam,Haaksbergen,Overijssel,
(Den) Broek (?),den-broek-,Horst aan de Maas,Limburg,
Den Burg,den-burg,Texel,Noord-Holland,2740
Den Deijl,den-deijl,Wassenaar,Zuid-Holland,
Den Dolder,den-dolder,Zeist,Utrecht,2822
Den Dool,den-dool,Molenlanden,Zuid-Holland,
Den Dungen,den-dungen,Sint-Michielsgestel,Noord-Brabant,2058
Den Haag,den-haag,Den Haag,Zuid-Holland,
Den Ham,den-ham,Westerwolde,Groningen,
Den Ham,den-ham,Twenterand,Overijssel,3321
Den Ham,den-ham,Westerkwartier,Groningen,2116
Den Helder,den-helder,Den Helder,Noord-Holland,3056
Den Hoef,den-hoef,Wijchen,Gelderland,
Den Hoek,den-hoek,Land van Cuijk,Noord-Brabant,
Den Hool,den-hool,Coevorden,Drenthe,
Den Hoorn,den-hoorn,Midden-Delfland,Zuid-Holland,2807
Den Hoorn,den-hoorn,Texel,Noord-Holland,2741
Den Horn,den-horn,Westerkwartier,Groningen,2117
Den Hout,den-hout,Oosterhout,Noord-Brabant,3595
Den Huizen,den-huizen,Hardenberg,Overijssel,
Den Hulst,den-hulst,Dalfsen,Overijssel,
Den Ilp,den-ilp,Landsmeer,Noord-Holland,1329
Den Kaat,den-kaat,Hardenberg,Overijssel,
Den Nul,den-nul,Olst-Wijhe,Overijssel,
Den Oever,den-oever,Emmen,Drenthe,
Den Oever,den-oever,Hollands Kroon,Noord-Holland,1489
Den Oord,den-oord,Wijk bij Duurstede,Utrecht,
Den Oosterhuis,den-oosterhuis,Hardenberg,Overijssel,
Den Opslag,den-opslag,Hilvarenbeek,Noord-Brabant,
Den Treek,den-treek,Leusden,Utrecht,
Den Velde,den-velde,Hardenberg,Overijssel,1547
Den Westerhuis,den-westerhuis,Hardenberg,Overijssel,
Denekamp,denekamp,Dinkelland,Overijssel,1408
Denemarken,denemarken,Midden-Groningen,Groningen,
Deurne,deurne,Deurne,Noord-Brabant,1774
Deurningen,deurningen,Dinkelland,Overijssel,1409
Deurningen,deurningen,Oldenzaal,Overijssel,1669
Deursen-Dennenburg,deursen-dennenburg,Oss,Noord-Brabant,3256
Deurze,deurze,Aa en Hunze,Drenthe,1154
Deuteren,deuteren,'s-Hertogenbosch,Noord-Brabant,
Deventer,deventer,Deventer,Overijssel,2856
Didam,didam,Montferland,Gelderland,2205
Dieden,dieden,Oss,Noord-Brabant,3259
Diefdijk,diefdijk,Vijfheerenlanden,Utrecht,
Diekendaal,diekendaal,Gennep,Limburg,
Diemen,diemen,Diemen,Noord-Holland,2144
Diemerbroek,diemerbroek,Oudewater,Utrecht,
Diepenbroek,diepenbroek,Helmond,Noord-Brabant,
Diependal,diependal,Gulpen-Wittem,Limburg,
Diepenheim,diepenheim,Hof van Twente,Overijssel,1441
Diepenveen,diepenveen,Deventer,Overijssel,2857
Diepswal,diepswal,Westerkwartier,Groningen,
Dieren,dieren,Rheden,Gelderland,1504
Diermen,diermen,Putten,Gelderland,
Dieskant,dieskant,'s-Hertogenbosch,Noord-Brabant,
Diessen,diessen,Hilvarenbeek,Noord-Brabant,1308
Dieteren,dieteren,Echt-Susteren,Limburg,
Diever,diever,Westerveld,Drenthe,3107
Dieverbrug,dieverbrug,Westerveld,Drenthe,3108
Diffelen,diffelen,Hardenberg,Overijssel,1548
Dijk,dijk,Asten,Noord-Brabant,
Dijk,dijk,Gulpen-Wittem,Limburg,
Dijk,dijk,Peel en Maas,Limburg,
Dijk,dijk,Meierijstad,Noord-Brabant,
Dijken,dijken,De Fryske Marren,Fryslân,2487
Dijkerhoek,dijkerhoek,Rijssen-Holten,Overijssel,
Dijkerstraat,dijkerstraat,Weert,Limburg,
Dijkhoek,dijkhoek,Berkelland,Gelderland,
Dijkhuisjes,dijkhuisjes,Schouwen-Duiveland,Zeeland,
Dijkhuizen,dijkhuizen,Epe,Gelderland,
Dijksterburen,dijksterburen,Súdwest-Fryslân,Fryslân,
Dijkwel,dijkwel,Kapelle,Zeeland,
Dikbroeken,dikbroeken,Borger-Odoorn,Drenthe,
(De) Dingen,de-dingen,Het Hogeland,Groningen,
Dinteloord,dinteloord,Steenbergen,Noord-Brabant,1402
Dintelsas,dintelsas,Steenbergen,Noord-Brabant,
Dinther,dinther,Bernheze,Noord-Brabant,
Dintherse Hoek,dintherse-hoek,Bernheze,Noord-Brabant,
Dinxperlo,dinxperlo,Aalten,Gelderland,1196
Diphoorn,diphoorn,Coevorden,Drenthe,2152
Dirkshorn,dirkshorn,Schagen,Noord-Holland,3289
Dirksland,dirksland,Goeree-Overflakkee,Zuid-Holland,2377
Dishoek,dishoek,Veere,Zeeland,
Distelberg,distelberg,Vught,Noord-Brabant,
Diunt,diunt,Breda,Noord-Brabant,
Dodewaard,dodewaard,Neder-Betuwe,Gelderland,1094
Doenrade,doenrade,Beekdaelen,Limburg,2100
Doesburg,doesburg,Doesburg,Gelderland,2142
Doesburgerbuurt,doesburgerbuurt,Ede,Gelderland,
Doetinchem,doetinchem,Doetinchem,Gelderland,3246
Doeveren,doeveren,Heusden,Noord-Brabant,3514
Doezum,doezum,Westerkwartier,Groningen,2174
Doijum,doijum,Waadhoeke,Fryslân,
Dokkum,dokkum,Noardeast-Fryslân,Fryslân,3391
Dokkumer Nije Silen,dokkumer-nije-silen,Noardeast-Fryslân,Fryslân,
Dolberg,dolberg,Voerendaal,Limburg,
Doldersum,doldersum,Westerveld,Drenthe,3109
Domburg,domburg,Veere,Zeeland,2776
Domme Aanleg,domme-aanleg,Aalten,Gelderland,
Dommelen,dommelen,Valkenswaard,Noord-Brabant,
Dommelsvoort,dommelsvoort,Land van Cuijk,Noord-Brabant,
Domwier,domwier,Leeuwarden,Fryslân,
Donderen,donderen,Tynaarlo,Drenthe,2916
Dongen,dongen,Dongen,Noord-Brabant,2799
Dongjum,dongjum,Waadhoeke,Fryslân,1372
Doniaburen,doniaburen,Súdwest-Fryslân,Fryslân,
Doniaga,doniaga,De Fryske Marren,Fryslân,2488
Donk,donk,Eersel,Noord-Brabant,
Donk,donk,Peel en Maas,Limburg,
Donk,donk,Peel en Maas,Limburg,
Donkerbroek,donkerbroek,Ooststellingwerf,Fryslân,1754
Donkereind,donkereind,De Ronde Venen,Utrecht,
Donkersvoort,donkersvoort,Laarbeek,Noord-Brabant,
Donzel,donzel,Bernheze,Noord-Brabant,
Doodstil,doodstil,Het Hogeland,Groningen,
Doonheide,doonheide,Gemert-Bakel,Noord-Brabant,
Doorn,doorn,Utrechtse Heuvelrug,Utrecht,3339
Doornenburg,doornenburg,Lingewaard,Gelderland,3134
Doornhoek,doornhoek,Sint-Michielsgestel,Noord-Brabant,
Doornhoek,doornhoek,Meierijstad,Noord-Brabant,
Doornik,doornik,Lingewaard,Gelderland,
Doorning,doorning,Maasdriel,Gelderland,
Doornspijk,doornspijk,Elburg,Gelderland,1846
Doornsteeg,doornsteeg,Nijkerk,Gelderland,
Doorwerth,doorwerth,Renkum,Gelderland,2986
Doosje,doosje,Steenwijkerland,Overijssel,
Dordrecht,dordrecht,Dordrecht,Zuid-Holland,2351
Dorkwerd,dorkwerd,Groningen,Groningen,
Dorp,dorp,Westerkwartier,Groningen,
Dorshout,dorshout,Meierijstad,Noord-Brabant,
Dorst,dorst,Oosterhout,Noord-Brabant,2959
Dortherhoek,dortherhoek,Deventer,Overijssel,
Douvergenhout,douvergenhout,Beekdaelen,Limburg,
Douwen,douwen,Het Hogeland,Groningen,
Draaibrug,draaibrug,Sluis,Zeeland,
Draaisterhuizen,draaisterhuizen,Súdwest-Fryslân,Fryslân,
Drachten,drachten,Smallingerland,Fryslân,3279
Drachten-Azeven,drachten-azeven,Opsterland,Fryslân,3344
Drachtstercompagnie,drachtstercompagnie,Smallingerland,Fryslân,3280
Dreischor,dreischor,Schouwen-Duiveland,Zeeland,2677
Drempt,drempt,Bronckhorst,Gelderland,1520
Dreumel,dreumel,West Maas en Waal,Gelderland,1771
Drie,drie,Ermelo,Gelderland,
Drie Hoefijzers,drie-hoefijzers,Hulst,Zeeland,
Drie Hoefijzers,drie-hoefijzers,Moerdijk,Noord-Brabant,
Driebergen-Rijsenburg,driebergen-rijsenburg,Utrechtse Heuvelrug,Utrecht,3335
Drieborg,drieborg,Oldambt,Groningen,1422
Driebruggen,driebruggen,Bodegraven-Reeuwijk,Zuid-Holland,2477
Driedorp,driedorp,Nijkerk,Gelderland,
Drieënhuizen,drienhuizen,Barneveld,Gelderland,
Driehoek,driehoek,Best,Noord-Brabant,
Driehoek,driehoek,Moerdijk,Noord-Brabant,
Driehoek,driehoek,Land van Cuijk,Noord-Brabant,
Driehoek,driehoek,Son en Breugel,Noord-Brabant,
Driehoek,driehoek,Zundert,Noord-Brabant,
Driehuis,driehuis,Eersel,Noord-Brabant,
Driehuis,driehuis,Velsen,Noord-Holland,
“Driehuis NH”,driehuis-nh,Velsen,Noord-Holland,2836
Driehuizen,driehuizen,Alkmaar,Noord-Holland,1886
Driehuizen,driehuizen,Baarle-Nassau,Noord-Brabant,
Driehuizen,driehuizen,Eersel,Noord-Brabant,
Driehuizen,driehuizen,Hilvarenbeek,Noord-Brabant,
Driehuizen,driehuizen,Meierijstad,Noord-Brabant,
Driel,driel,Overbetuwe,Gelderland,1863
Driemond,driemond,Amsterdam,Noord-Holland,
Driene,driene,Hengelo,Overijssel,
Dries,dries,Leudal,Limburg,
Drieschouwen,drieschouwen,Terneuzen,Zeeland,
Driesprong,driesprong,Ede,Gelderland,
Driewegen,driewegen,Borsele,Zeeland,1253
Driewegen,driewegen,Terneuzen,Zeeland,
Driezum,driezum,Dantumadiel,Fryslân,3268
Drijber,drijber,Midden-Drenthe,Drenthe,3009
Drimmelen,drimmelen,Drimmelen,Noord-Brabant,2574
Drogeham,drogeham,Achtkarspelen,Fryslân,3176
Drogt,drogt,De Wolden,Drenthe,
Drogteropslagen,drogteropslagen,De Wolden,Drenthe,3163
Drongelen,drongelen,Altena,Noord-Brabant,1952
Dronryp,dronryp,Waadhoeke,Fryslân,2729
Dronten,dronten,Dronten,Flevoland,2430
Drouwen,drouwen,Borger-Odoorn,Drenthe,1787
Drouwenermond,drouwenermond,Borger-Odoorn,Drenthe,1788
Drouwenerveen,drouwenerveen,Borger-Odoorn,Drenthe,1789
Druisdijk,druisdijk,Alphen-Chaam,Noord-Brabant,
Drunen,drunen,Heusden,Noord-Brabant,3589
Druten,druten,Druten,Gelderland,2904
Dubbroek,dubbroek,Peel en Maas,Limburg,
Duifhuis,duifhuis,Maashorst,Noord-Brabant,
Duifhuis,duifhuis,Maashorst,Noord-Brabant,
Duiksehoef,duiksehoef,Loon op Zand,Noord-Brabant,
Duinen,duinen,Harderwijk,Gelderland,
Duistervoorde,duistervoorde,Voorst,Gelderland,
Duiven,duiven,Duiven,Gelderland,2096
Duivendrecht,duivendrecht,Ouder-Amstel,Noord-Holland,3568
Duivenhoek,duivenhoek,Hulst,Zeeland,
Duizel,duizel,Eersel,Noord-Brabant,2992
Duizend Morgen,duizend-morgen,Altena,Noord-Brabant,
Dulder,dulder,Dinkelland,Overijssel,
Dun,dun,Hilvarenbeek,Noord-Brabant,
Dunsborg,dunsborg,Bronckhorst,Gelderland,
Durgerdam,durgerdam,Amsterdam,Noord-Holland,
Dussen,dussen,Altena,Noord-Brabant,2214
Duur,duur,Olst-Wijhe,Overijssel,
Duurendseind,duurendseind,Oss,Noord-Brabant,
Duurkenakker,duurkenakker,Midden-Groningen,Groningen,
Dwarsdiep,dwarsdiep,Stadskanaal,Groningen,
Dwarsdijk,dwarsdijk,Wijk bij Duurstede,Utrecht,
Dwarsgracht,dwarsgracht,Steenwijkerland,Overijssel,
Dwingeloo,dwingeloo,Westerveld,Drenthe,3110
Dykshoarne,dykshoarne,Noardeast-Fryslân,Fryslân,
Eanjum,eanjum,Noardeast-Fryslân,Fryslân,3388
Earnewâld,earnewld,Tytsjerksteradiel,Fryslân,2456
Easterein,easterein,Súdwest-Fryslân,Fryslân,2013
Easterlittens,easterlittens,Leeuwarden,Fryslân,2014
Eastermar,eastermar,Tytsjerksteradiel,Fryslân,2454
Easternijtsjerk,easternijtsjerk,Noardeast-Fryslân,Fryslân,3407
Easterwierrum,easterwierrum,Súdwest-Fryslân,Fryslân,2015
Eastrum,eastrum,Noardeast-Fryslân,Fryslân,3408
Ebbenbroek,ebbenbroek,Hardenberg,Overijssel,
Echt,echt,Echt-Susteren,Limburg,2041
Echteld,echteld,Neder-Betuwe,Gelderland,3524
Echten,echten,De Wolden,Drenthe,3164
Echten,echten,De Fryske Marren,Fryslân,2241
Echtenerbrug,echtenerbrug,De Fryske Marren,Fryslân,2242
Echterbosch,echterbosch,Echt-Susteren,Limburg,
Eck en Wiel,eck-en-wiel,Buren,Gelderland,3374
Eckelrade,eckelrade,Eijsden-Margraten,Limburg,1693
Edam,edam,Edam-Volendam,Noord-Holland,1747
Ede,ede,Ede,Gelderland,2764
Ederveen,ederveen,Ede,Gelderland,2769
Eede,eede,Sluis,Zeeland,2966
Eefde,eefde,Lochem,Gelderland,1336
Eefsele,eefsele,Oost Gelre,Gelderland,
Eekt,eekt,Oldebroek,Gelderland,
Eekwerd,eekwerd,Eemsdelta,Groningen,
Eekwerderdraai,eekwerderdraai,Eemsdelta,Groningen,
Eelde,eelde,Tynaarlo,Drenthe,2909
Eelde-Paterswolde,eelde-paterswolde,Tynaarlo,Drenthe,
Eelderwolde,eelderwolde,Tynaarlo,Drenthe,2911
Eelen,eelen,Hellendoorn,Overijssel,
Eembrugge,eembrugge,Eemnes,Utrecht,
Eemdijk,eemdijk,Bunschoten,Utrecht,2238
Eemnes,eemnes,Eemnes,Utrecht,1037
Eemshaven,eemshaven,Het Hogeland,Groningen,3473
Eemster,eemster,Westerveld,Drenthe,
Eemswoude,eemswoude,Súdwest-Fryslân,Fryslân,
Eemten,eemten,De Wolden,Drenthe,
Een,een,Noordenveld,Drenthe,1634
Eeneind,eeneind,"Nuenen, Gerwen en Nederwetten",Noord-Brabant,
Eenigenburg,eenigenburg,Schagen,Noord-Holland,
Eenrum,eenrum,Het Hogeland,Groningen,3415
Eenum,eenum,Eemsdelta,Groningen,3444
Een-West,een-west,Noordenveld,Drenthe,1635
Eerbeek,eerbeek,Brummen,Gelderland,1114
Eerde,eerde,Ommen,Overijssel,
Eerde,eerde,Meierijstad,Noord-Brabant,
Eersel,eersel,Eersel,Noord-Brabant,2993
Eerste Dwarsdiep,eerste-dwarsdiep,Aa en Hunze,Drenthe,
Ees,ees,Borger-Odoorn,Drenthe,1790
Eese,eese,Steenwijkerland,Overijssel,
Eesergroen,eesergroen,Borger-Odoorn,Drenthe,1791
Eeserveen,eeserveen,Borger-Odoorn,Drenthe,1792
Eesterga,eesterga,De Fryske Marren,Fryslân,2243
Eesveen,eesveen,Steenwijkerland,Overijssel,2699
Eethen,eethen,Altena,Noord-Brabant,1953
Eext,eext,Aa en Hunze,Drenthe,1155
Eextahaven,eextahaven,Oldambt,Groningen,
Eexterveen,eexterveen,Aa en Hunze,Drenthe,1156
Eexterveenschekanaal,eexterveenschekanaal,Aa en Hunze,Drenthe,1157
Eexterzandvoort,eexterzandvoort,Aa en Hunze,Drenthe,1158
Effen,effen,Breda,Noord-Brabant,
Egbertsgaasten,egbertsgaasten,Smallingerland,Fryslân,
Egchel,egchel,Peel en Maas,Limburg,3439
Egchelheide,egchelheide,Peel en Maas,Limburg,
Egede,egede,Hellendoorn,Overijssel,
Egmond aan den Hoef,egmond-aan-den-hoef,Bergen,Noord-Holland,3048
Egmond aan Zee,egmond-aan-zee,Bergen,Noord-Holland,3049
Egmond-Binnen,egmond-binnen,Bergen,Noord-Holland,3050
Egypte,egypte,Bladel,Noord-Brabant,
Eibergen,eibergen,Berkelland,Gelderland,1662
Eijsden,eijsden,Eijsden-Margraten,Limburg,1700
Eikberg,eikberg,Breda,Noord-Brabant,
Eikelenbosch,eikelenbosch,Baarle-Nassau,Noord-Brabant,
Eikelenbosch,eikelenbosch,Horst aan de Maas,Limburg,
Eikelhof,eikelhof,Olst-Wijhe,Overijssel,
Eikenheuvel,eikenheuvel,Maashorst,Noord-Brabant,
Eiland,eiland,Leudal,Limburg,
Eiland,eiland,Maasgouw,Limburg,
Eiland,eiland,Woensdrecht,Noord-Brabant,
Eimeren,eimeren,Overbetuwe,Gelderland,
Eind,eind,Bergeijk,Noord-Brabant,
Eind,eind,Leudal,Limburg,
Eind,eind,Nederweert,Limburg,
Eind,eind,Son en Breugel,Noord-Brabant,
Eind van Den Hout,eind-van-den-hout,Oosterhout,Noord-Brabant,
Einde,einde,Roermond,Limburg,
Eindewege,eindewege,Goes,Zeeland,
Eindhoven,eindhoven,Eindhoven,Noord-Brabant,1101
Eindje,eindje,Someren,Noord-Brabant,
Einighausen,einighausen,Sittard-Geleen,Limburg,2810
Ekamp,ekamp,Oldambt,Groningen,
Ekehaar,ekehaar,Aa en Hunze,Drenthe,1159
Elahuizen,elahuizen,De Fryske Marren,Fryslân,1675
Elburg,elburg,Elburg,Gelderland,1844
Elde,elde,Meierijstad,Noord-Brabant,
Eldersloo,eldersloo,Aa en Hunze,Drenthe,1160
Eldik,eldik,Neder-Betuwe,Gelderland,
Eldrik,eldrik,Bronckhorst,Gelderland,
Eleveld,eleveld,Aa en Hunze,Drenthe,1161
Elim,elim,Hoogeveen,Drenthe,1811
Elkenrade,elkenrade,Gulpen-Wittem,Limburg,1235
Elkerzee,elkerzee,Schouwen-Duiveland,Zeeland,
Ell,ell,Leudal,Limburg,2942
Ellecom,ellecom,Rheden,Gelderland,1503
Ellemeet,ellemeet,Schouwen-Duiveland,Zeeland,2678
Ellerhei,ellerhei,Leudal,Limburg,
Ellerhuizen,ellerhuizen,Het Hogeland,Groningen,
Ellersinghuizen,ellersinghuizen,Westerwolde,Groningen,
Ellertshaar,ellertshaar,Borger-Odoorn,Drenthe,1793
Ellewoutsdijk,ellewoutsdijk,Borsele,Zeeland,1254
Elp,elp,Midden-Drenthe,Drenthe,3010
Elsen,elsen,Hof van Twente,Overijssel,
Elsendorp,elsendorp,Gemert-Bakel,Noord-Brabant,2095
Elsenerbroek,elsenerbroek,Hof van Twente,Overijssel,
Elshof,elshof,Olst-Wijhe,Overijssel,
Elshout,elshout,Heusden,Noord-Brabant,3590
Elshout,elshout,Horst aan de Maas,Limburg,
Elsloo,elsloo,Stein,Limburg,1914
Elsloo,elsloo,Ooststellingwerf,Fryslân,1755
Elspeet,elspeet,Nunspeet,Gelderland,2983
Elst,elst,Oss,Noord-Brabant,
Elst,elst,Overbetuwe,Gelderland,1864
Elst,elst,Rhenen,Utrecht,
“Elst Ut”,elst-ut,Rhenen,Utrecht,1400
Elsteren,elsteren,Bergen,Limburg,
Elzet,elzet,Gulpen-Wittem,Limburg,
Emmaberg,emmaberg,Valkenburg aan de Geul,Limburg,
Emmadorp,emmadorp,Hulst,Zeeland,
Emmeloord,emmeloord,Noordoostpolder,Flevoland,1271
Emmen,emmen,Dalfsen,Overijssel,
Emmen,emmen,Emmen,Drenthe,1988
Emmer-Compascuum,emmer-compascuum,Emmen,Drenthe,1989
Emminkhuizen,emminkhuizen,Renswoude,Utrecht,
Empe,empe,Brummen,Gelderland,1109
Empel,empel,'s-Hertogenbosch,Noord-Brabant,
Emst,emst,Epe,Gelderland,1346
Endepoel,endepoel,Venray,Limburg,
Eng,eng,Altena,Noord-Brabant,
Engbergen,engbergen,Oude IJsselstreek,Gelderland,
Engeland,engeland,Apeldoorn,Gelderland,
Engeland,engeland,Dalfsen,Overijssel,
Engeland,engeland,De Wolden,Drenthe,
Engeland,engeland,Hardenberg,Overijssel,
Engelbert,engelbert,Groningen,Groningen,
Engelen,engelen,'s-Hertogenbosch,Noord-Brabant,
Englum,englum,Westerkwartier,Groningen,
Engwegen,engwegen,Valkenburg aan de Geul,Limburg,
Engwerd,engwerd,Súdwest-Fryslân,Fryslân,
Engwier,engwier,Súdwest-Fryslân,Fryslân,
Enkhuizen,enkhuizen,Enkhuizen,Noord-Holland,2754
Ens,ens,Noordoostpolder,Flevoland,1276
Enschede,enschede,Enschede,Overijssel,1145
Enspijk,enspijk,West Betuwe,Gelderland,3216
Enter,enter,Wierden,Overijssel,1088
Enumatil,enumatil,Westerkwartier,Groningen,2340
Enzelens,enzelens,Eemsdelta,Groningen,
Epe,epe,Epe,Gelderland,1344
Epen,epen,Gulpen-Wittem,Limburg,1232
Eperheide,eperheide,Gulpen-Wittem,Limburg,
Eppenhuizen,eppenhuizen,Het Hogeland,Groningen,3474
Eppenzolder,eppenzolder,Haaksbergen,Overijssel,
Epse,epse,Lochem,Gelderland,1337
Erica,erica,Emmen,Drenthe,1990
Erichem,erichem,Buren,Gelderland,3375
Erlecom,erlecom,Berg en Dal,Gelderland,2874
Erm,erm,Coevorden,Drenthe,2153
Ermelo,ermelo,Ermelo,Gelderland,2573
Ermerveen,ermerveen,Emmen,Drenthe,
Erp,erp,Meierijstad,Noord-Brabant,2826
Esbeek,esbeek,Hilvarenbeek,Noord-Brabant,1311
Esch,esch,Boxtel,Noord-Brabant,1426
Escharen,escharen,Land van Cuijk,Noord-Brabant,3195
Eschoten,eschoten,Ede,Gelderland,
Esdonk,esdonk,Gemert-Bakel,Noord-Brabant,
Esp,esp,Gemert-Bakel,Noord-Brabant,
Espel,espel,Noordoostpolder,Flevoland,1280
Espelo,espelo,Rijssen-Holten,Overijssel,
Essebroek,essebroek,Buren,Gelderland,
Essen,essen,Barneveld,Gelderland,
Essen,essen,Groningen,Groningen,
Est,est,West Betuwe,Gelderland,3359
Esveld,esveld,Barneveld,Gelderland,
Etenaken,etenaken,Gulpen-Wittem,Limburg,
Etsberg,etsberg,Roerdalen,Limburg,
Etten,etten,Oude IJsselstreek,Gelderland,1581
Etten-Leur,etten-leur,Etten-Leur,Noord-Brabant,1010
Etzenrade,etzenrade,Beekdaelen,Limburg,
Europoort,europoort,Rotterdam,Zuid-Holland,
“Europoort Rotterdam”,europoort-rotterdam,Rotterdam,Zuid-Holland,3081
Eursing,eursing,Midden-Drenthe,Drenthe,
Eursinge,eursinge,De Wolden,Drenthe,3165
Eursinge,eursinge,Midden-Drenthe,Drenthe,3011
Eursinge,eursinge,Westerveld,Drenthe,
Euvelwegen,euvelwegen,Heeze-Leende,Noord-Brabant,
Euverem,euverem,Gulpen-Wittem,Limburg,
Evenheuvel,evenheuvel,Oirschot,Noord-Brabant,
Everdingen,everdingen,Vijfheerenlanden,Utrecht,2840
Everland,everland,Roosendaal,Noord-Brabant,
Everlo,everlo,Peel en Maas,Limburg,
Eversdijk,eversdijk,Kapelle,Zeeland,
Everse,everse,Meierijstad,Noord-Brabant,
Evertsoord,evertsoord,Horst aan de Maas,Limburg,1517
Ewer,ewer,Het Hogeland,Groningen,
Ewijk,ewijk,Beuningen,Gelderland,2752
Ewijk,ewijk,Heumen,Gelderland,
Ewinkel,ewinkel,Land van Cuijk,Noord-Brabant,
Exel,exel,Lochem,Gelderland,
Exel-Tol,exel-tol,Lochem,Gelderland,
Exloërkijl,exlorkijl,Borger-Odoorn,Drenthe,
Exloërveen,exlorveen,Borger-Odoorn,Drenthe,1794
Exloo,exloo,Borger-Odoorn,Drenthe,1795
Exmorra,exmorra,Súdwest-Fryslân,Fryslân,2307
Exmorrazijl,exmorrazijl,Súdwest-Fryslân,Fryslân,
Eygelshoven,eygelshoven,Kerkrade,Limburg,2650
Eys,eys,Gulpen-Wittem,Limburg,1234
Eyserheide,eyserheide,Gulpen-Wittem,Limburg,
Ezinge,ezinge,Westerkwartier,Groningen,2467
Faan,faan,Westerkwartier,Groningen,
Farebuorren,farebuorren,Noardeast-Fryslân,Fryslân,
Farmsum,farmsum,Eemsdelta,Groningen,3235
Fatum,fatum,Waadhoeke,Fryslân,
Feankleaster,feankleaster,Noardeast-Fryslân,Fryslân,3315
Feanwâlden,feanwlden,Dantumadiel,Fryslân,3271
Feanwâldsterwâl,feanwldsterwl,Dantumadiel,Fryslân,
Feerwerd,feerwerd,Westerkwartier,Groningen,2468
Feinsum,feinsum,Leeuwarden,Fryslân,3226
Felland,felland,Groningen,Groningen,
Ferwert,ferwert,Noardeast-Fryslân,Fryslân,3201
Ferwoude,ferwoude,Súdwest-Fryslân,Fryslân,2308
Feytebuorren,feytebuorren,Súdwest-Fryslân,Fryslân,
Fiemel,fiemel,Eemsdelta,Groningen,
Fiifhuzen,fiifhuzen,Noardeast-Fryslân,Fryslân,
Fijnaart,fijnaart,Moerdijk,Noord-Brabant,1321
Finkeburen,finkeburen,De Fryske Marren,Fryslân,
Finsterwolde,finsterwolde,Oldambt,Groningen,1419
Finsterwolderhamrik,finsterwolderhamrik,Oldambt,Groningen,
Firdgum,firdgum,Waadhoeke,Fryslân,1378
Fiskbuorren,fiskbuorren,Noardeast-Fryslân,Fryslân,
Flansum,flansum,Súdwest-Fryslân,Fryslân,
Fleringen,fleringen,Tubbergen,Overijssel,1284
Flieren,flieren,Lingewaard,Gelderland,
Fluitenberg,fluitenberg,Hoogeveen,Drenthe,1812
Fochteloo,fochteloo,Ooststellingwerf,Fryslân,1756
Fokkershoek,fokkershoek,Bernheze,Noord-Brabant,
Follega,follega,De Fryske Marren,Fryslân,2244
Folsgare,folsgare,Súdwest-Fryslân,Fryslân,2402
Formerum,formerum,Terschelling,Fryslân,2617
Fort,fort,De Wolden,Drenthe,
Fortmond,fortmond,Olst-Wijhe,Overijssel,
Foudgum,foudgum,Noardeast-Fryslân,Fryslân,3394
Foxhol,foxhol,Midden-Groningen,Groningen,1017
Foxholsterbosch,foxholsterbosch,Midden-Groningen,Groningen,
Foxwolde,foxwolde,Noordenveld,Drenthe,1636
Fraamklap,fraamklap,Eemsdelta,Groningen,
Franeker,franeker,Waadhoeke,Fryslân,1366
Franschehoef,franschehoef,Bladel,Noord-Brabant,
Fransum,fransum,Westerkwartier,Groningen,
Frederiksoord,frederiksoord,Westerveld,Drenthe,3111
Friens,friens,Leeuwarden,Fryslân,2527
Frieschepalen,frieschepalen,Opsterland,Fryslân,3345
Friesland,friesland,Montferland,Gelderland,
Frieswijk,frieswijk,Deventer,Overijssel,
Fromberg,fromberg,Voerendaal,Limburg,
Froombosch,froombosch,Midden-Groningen,Groningen,1348
Frytum,frytum,Westerkwartier,Groningen,
Fûns,fns,Leeuwarden,Fryslân,
Gaag,gaag,Midden-Delfland,Zuid-Holland,
Gaanderen,gaanderen,Doetinchem,Gelderland,3247
Gaarkeuken,gaarkeuken,Westerkwartier,Groningen,
Gaarland,gaarland,Midden-Groningen,Groningen,
Gaast,gaast,Súdwest-Fryslân,Fryslân,2309
Gaastmeer,gaastmeer,Súdwest-Fryslân,Fryslân,2403
Gaete,gaete,Drimmelen,Noord-Brabant,
Galamadammen,galamadammen,Súdwest-Fryslân,Fryslân,
Galder,galder,Alphen-Chaam,Noord-Brabant,3434
Galhoeke,galhoeke,Smallingerland,Fryslân,
Gameren,gameren,Zaltbommel,Gelderland,2631
Gammelke,gammelke,Dinkelland,Overijssel,
Ganzedijk,ganzedijk,Oldambt,Groningen,
Ganzert,ganzert,Buren,Gelderland,
Gapinge,gapinge,Veere,Zeeland,2777
Garderbroek,garderbroek,Barneveld,Gelderland,
Garderen,garderen,Barneveld,Gelderland,1057
Garmerwolde,garmerwolde,Groningen,Groningen,1831
Garminge,garminge,Midden-Drenthe,Drenthe,3012
Garnwerd,garnwerd,Westerkwartier,Groningen,2469
Garrelsweer,garrelsweer,Eemsdelta,Groningen,3445
Garreweer,garreweer,Eemsdelta,Groningen,
Garsthuizen,garsthuizen,Eemsdelta,Groningen,3446
Garyp,garyp,Tytsjerksteradiel,Fryslân,2455
Gassel,gassel,Land van Cuijk,Noord-Brabant,3196
Gasselte,gasselte,Aa en Hunze,Drenthe,1162
Gasselterboerveen,gasselterboerveen,Aa en Hunze,Drenthe,
Gasselterboerveenschemond,gasselterboerveenschemond,Aa en Hunze,Drenthe,
Gasselternijveen,gasselternijveen,Aa en Hunze,Drenthe,1163
Gasselternijveenschemond,gasselternijveenschemond,Aa en Hunze,Drenthe,1164
Gastel,gastel,Cranendonck,Noord-Brabant,1570
Gastelsveer,gastelsveer,Halderberge,Noord-Brabant,
Gasteren,gasteren,Aa en Hunze,Drenthe,1165
Gasthuis,gasthuis,Eijsden-Margraten,Limburg,
Gauw,gauw,Súdwest-Fryslân,Fryslân,2404
Gawege,gawege,Reimerswaal,Zeeland,
Gebergte,gebergte,Someren,Noord-Brabant,
Gebroek,gebroek,Echt-Susteren,Limburg,
Gebroek,gebroek,Sittard-Geleen,Limburg,
Geefsweer,geefsweer,Eemsdelta,Groningen,
Geelbroek,geelbroek,Aa en Hunze,Drenthe,1166
Geeneind,geeneind,Helmond,Noord-Brabant,
Geer,geer,De Ronde Venen,Utrecht,
Geer,geer,Vijfheerenlanden,Utrecht,
Geerdijk,geerdijk,Twenterand,Overijssel,3322
Geersbroek,geersbroek,Alphen-Chaam,Noord-Brabant,
Geersdijk,geersdijk,Noord-Beveland,Zeeland,3193
Geerstraat,geerstraat,Epe,Gelderland,
Geertruidenberg,geertruidenberg,Geertruidenberg,Noord-Brabant,1751
Geervliet,geervliet,Nissewaard,Zuid-Holland,1386
Gees,gees,Coevorden,Drenthe,2154
Geesbrug,geesbrug,Coevorden,Drenthe,2155
Geestdorp,geestdorp,Woerden,Utrecht,
Geesteren,geesteren,Berkelland,Gelderland,1655
Geesteren,geesteren,Tubbergen,Overijssel,1285
Geeuwenbrug,geeuwenbrug,Westerveld,Drenthe,3112
Geffen,geffen,Oss,Noord-Brabant,3610
Geijsteren,geijsteren,Venray,Limburg,1857
Geitenwaard,geitenwaard,Zevenaar,Gelderland,
Geldermalsen,geldermalsen,West Betuwe,Gelderland,3529
Gelderse Buurt,gelderse-buurt,Hollands Kroon,Noord-Holland,
Gelderswoude,gelderswoude,Zoeterwoude,Zuid-Holland,2645
Geldrop,geldrop,Geldrop-Mierlo,Noord-Brabant,1126
Geldtienden,geldtienden,Veere,Zeeland,
Geleen,geleen,Sittard-Geleen,Limburg,3513
Gelkenes,gelkenes,Molenlanden,Zuid-Holland,
Gellicum,gellicum,West Betuwe,Gelderland,3214
Geloo,geloo,Venlo,Limburg,
Gelselaar,gelselaar,Berkelland,Gelderland,1654
Gemaal (?),gemaal-,De Ronde Venen,Utrecht,
Gement,gement,Oss,Noord-Brabant,
Gemert,gemert,Gemert-Bakel,Noord-Brabant,2089
Gemonde,gemonde,Sint-Michielsgestel,Noord-Brabant,2059
Genderen,genderen,Altena,Noord-Brabant,1954
Gendijk,gendijk,Leudal,Limburg,
Gendringen,gendringen,Oude IJsselstreek,Gelderland,1585
Gendt,gendt,Lingewaard,Gelderland,3132
Geneijgen,geneijgen,Leudal,Limburg,
Genemuiden,genemuiden,Zwartewaterland,Overijssel,2198
Geneneind,geneneind,Gemert-Bakel,Noord-Brabant,
Gening,gening,Bergen,Limburg,
Genne,genne,Zwartewaterland,Overijssel,
Genne-Overwaters,genne-overwaters,Zwartewaterland,Overijssel,
Gennep,gennep,Gennep,Limburg,2482
Genoenhuis,genoenhuis,Geldrop-Mierlo,Noord-Brabant,
Genooi,genooi,Venlo,Limburg,
Gerheggen,gerheggen,Leudal,Limburg,
Gerkesklooster,gerkesklooster,Achtkarspelen,Fryslân,3177
Gerner,gerner,Dalfsen,Overijssel,
Gersloot,gersloot,Heerenveen,Fryslân,2185
Gerven,gerven,Putten,Gelderland,
Gerverscop,gerverscop,Woerden,Utrecht,
Gerwen,gerwen,"Nuenen, Gerwen en Nederwetten",Noord-Brabant,
Geulhem,geulhem,Valkenburg aan de Geul,Limburg,
Geulle,geulle,Meerssen,Limburg,1462
Gever,gever,Oisterwijk,Noord-Brabant,
Geverik,geverik,Beek,Limburg,
Gewande,gewande,'s-Hertogenbosch,Noord-Brabant,
Gieltjesdorp,gieltjesdorp,Stichtse Vecht,Utrecht,
Giersbergen,giersbergen,Heusden,Noord-Brabant,
Giesbeek,giesbeek,Zevenaar,Gelderland,1300
Giessen,giessen,Altena,Noord-Brabant,3302
Giessenburg,giessenburg,Molenlanden,Zuid-Holland,1433
Giessendam,giessendam,Hardinxveld-Giessendam,Zuid-Holland,
Giessen-Oudekerk,giessen-oudekerk,Molenlanden,Zuid-Holland,
Gietelo,gietelo,Voorst,Gelderland,
Gieten,gieten,Aa en Hunze,Drenthe,1167
Gieterveen,gieterveen,Aa en Hunze,Drenthe,1168
Gieterzandvoort,gieterzandvoort,Aa en Hunze,Drenthe,
Giethmen,giethmen,Ommen,Overijssel,2551
Giethoorn,giethoorn,Steenwijkerland,Overijssel,2700
Gijbeland,gijbeland,Molenlanden,Zuid-Holland,
Gijsselte,gijsselte,De Wolden,Drenthe,
Gijzel,gijzel,Vught,Noord-Brabant,
Gijzenrooi,gijzenrooi,Geldrop-Mierlo,Noord-Brabant,
Gilze,gilze,Gilze en Rijen,Noord-Brabant,2067
Ginderdoor,ginderdoor,Alphen-Chaam,Noord-Brabant,
Ginderdoor,ginderdoor,Laarbeek,Noord-Brabant,
Ginnum,ginnum,Noardeast-Fryslân,Fryslân,3202
Glane,glane,Losser,Overijssel,1712
Glane-Beekhoek,glane-beekhoek,Losser,Overijssel,
Glanerbrug,glanerbrug,Enschede,Overijssel,
Glimmen,glimmen,Groningen,Groningen,1267
Godlinze,godlinze,Eemsdelta,Groningen,3236
Goedereede,goedereede,Goeree-Overflakkee,Zuid-Holland,2931
Goënga,gonga,Súdwest-Fryslân,Fryslân,2405
Goëngahuizen,gongahuizen,Smallingerland,Fryslân,3281
Goes,goes,Goes,Zeeland,1824
Goidschalxoord,goidschalxoord,Hoeksche Waard,Zuid-Holland,
Goilberdingen,goilberdingen,Culemborg,Gelderland,
Goingarijp,goingarijp,De Fryske Marren,Fryslân,2489
Goirle,goirle,Goirle,Noord-Brabant,2880
Goldhoorn,goldhoorn,Oldambt,Groningen,
Gooium,gooium,Súdwest-Fryslân,Fryslân,
Goor,goor,Geldrop-Mierlo,Noord-Brabant,
Goor,goor,Hof van Twente,Overijssel,1442
Gorinchem,gorinchem,Gorinchem,Zuid-Holland,2299
Gorpeind,gorpeind,Baarle-Nassau,Noord-Brabant,
Gorredijk,gorredijk,Opsterland,Fryslân,3346
Gorssel,gorssel,Lochem,Gelderland,1338
Gortel,gortel,Epe,Gelderland,
Gouda,gouda,Gouda,Zuid-Holland,1005
Gouden Ploeg,gouden-ploeg,Hardenberg,Overijssel,
Gouderak,gouderak,Krimpenerwaard,Zuid-Holland,2374
Goudriaan,goudriaan,Molenlanden,Zuid-Holland,3627
Goudseweg,goudseweg,Krimpenerwaard,Zuid-Holland,
Goudswaard,goudswaard,Hoeksche Waard,Zuid-Holland,2886
Goutum,goutum,Leeuwarden,Fryslân,3616
Graaf,graaf,Lopik,Utrecht,
Graafland,graafland,Molenlanden,Zuid-Holland,
Graauw,graauw,Hulst,Zeeland,3094
Gracht,gracht,Gulpen-Wittem,Limburg,
Gracht,gracht,Weststellingwerf,Fryslân,
Gracht Burggraaf,gracht-burggraaf,Gulpen-Wittem,Limburg,
Graetheide,graetheide,Sittard-Geleen,Limburg,
Grafhorst,grafhorst,Kampen,Overijssel,2896
Graft,graft,Alkmaar,Noord-Holland,1903
Grafwegen,grafwegen,Berg en Dal,Gelderland,
Gramsbergen,gramsbergen,Hardenberg,Overijssel,1549
Grashoek,grashoek,Peel en Maas,Limburg,3440
Graspeel,graspeel,Maashorst,Noord-Brabant,
Graswijk,graswijk,Assen,Drenthe,
Graszode,graszode,Borsele,Zeeland,
Grathem,grathem,Leudal,Limburg,2943
Grauwe Kat,grauwe-kat,Súdwest-Fryslân,Fryslân,
Grave,grave,Land van Cuijk,Noord-Brabant,3197
Grazen,grazen,Alphen-Chaam,Noord-Brabant,
Greffeling,greffeling,West Maas en Waal,Gelderland,
Greffelkamp,greffelkamp,Montferland,Gelderland,
Greonterp,greonterp,Súdwest-Fryslân,Fryslân,2406
Greup,greup,Hoeksche Waard,Zuid-Holland,
Greup,greup,Hoeksche Waard,Zuid-Holland,
Grevenberg,grevenberg,Coevorden,Drenthe,
Grevenbicht,grevenbicht,Sittard-Geleen,Limburg,2812
Griendtsveen,griendtsveen,Horst aan de Maas,Limburg,1029
Griete,griete,Terneuzen,Zeeland,
Grijpskerk,grijpskerk,Westerkwartier,Groningen,2118
Grijpskerke,grijpskerke,Veere,Zeeland,2778
Grijssloot,grijssloot,Het Hogeland,Groningen,
Grijzegrubben,grijzegrubben,Beekdaelen,Limburg,
Groede,groede,Sluis,Zeeland,2967
Groenekan,groenekan,De Bilt,Utrecht,2937
Groenendaal,groenendaal,Apeldoorn,Gelderland,
Groenendijk,groenendijk,Alphen aan den Rijn,Zuid-Holland,
Groenendijk,groenendijk,Hulst,Zeeland,
Groenendijk,groenendijk,Oosterhout,Noord-Brabant,
Groeneweg,groeneweg,Zuidplas,Zuid-Holland,
Groenewoud,groenewoud,Laarbeek,Noord-Brabant,
Groeningen,groeningen,Land van Cuijk,Noord-Brabant,1216
Groenlanden,groenlanden,Berg en Dal,Gelderland,
Groenlandsekade,groenlandsekade,De Ronde Venen,Utrecht,
Groenlo,groenlo,Oost Gelre,Gelderland,2224
Groenstraat,groenstraat,Hilvarenbeek,Noord-Brabant,
Groenveld,groenveld,Schagen,Noord-Holland,
Groesbeek,groesbeek,Berg en Dal,Gelderland,2291
Groessen,groessen,Duiven,Gelderland,2097
Groet,groet,Bergen,Noord-Holland,3044
Groeze,groeze,Peel en Maas,Limburg,
Grolloo,grolloo,Aa en Hunze,Drenthe,1169
Groningen,groningen,Groningen,Groningen,1070
Gronsveld,gronsveld,Eijsden-Margraten,Limburg,1701
Groot Agelo,groot-agelo,Dinkelland,Overijssel,
Groot Bruggen,groot-bruggen,Deurne,Noord-Brabant,
Groot Deunk,groot-deunk,Aalten,Gelderland,
Groot Genhout,groot-genhout,Beek,Limburg,
Groot Haasdal (?),groot-haasdal-,Beekdaelen,Limburg,
Groot Hitland,groot-hitland,Zuidplas,Zuid-Holland,
Groot Loo,groot-loo,Hilvarenbeek,Noord-Brabant,
Groot Maarslag,groot-maarslag,Het Hogeland,Groningen,
Groot Wetsinge,groot-wetsinge,Het Hogeland,Groningen,
Groot(-)Dochteren,groot-dochteren,Lochem,Gelderland,
Groot-Abeele,groot-abeele,Vlissingen,Zeeland,
Groot-Ammers,groot-ammers,Molenlanden,Zuid-Holland,1806
Groot-Bedaf,groot-bedaf,Baarle-Nassau,Noord-Brabant,
Groote Bottel,groote-bottel,Deurne,Noord-Brabant,
Groote Hoeven,groote-hoeven,Someren,Noord-Brabant,
Groote Horst,groote-horst,Bergen,Limburg,
Groote Keeten,groote-keeten,Schagen,Noord-Holland,
Grootebroek,grootebroek,Stede Broec,Noord-Holland,1103
Grootegast,grootegast,Westerkwartier,Groningen,2175
Groot-Oever,groot-oever,Hardenberg,Overijssel,
Grootschermer,grootschermer,Alkmaar,Noord-Holland,1887
Groot-Valkenisse,groot-valkenisse,Veere,Zeeland,
Groot-Welsden,groot-welsden,Eijsden-Margraten,Limburg,
Grootwijngaarden,grootwijngaarden,Opsterland,Fryslân,
Grote Voort,grote-voort,Hilvarenbeek,Noord-Brabant,
Grote Wiske,grote-wiske,Súdwest-Fryslân,Fryslân,
Grotel,grotel,Gemert-Bakel,Noord-Brabant,
Grouw,grouw,Leeuwarden,Fryslân,3602
Grubbenvorst,grubbenvorst,Horst aan de Maas,Limburg,1030
Grut Midhuzen,grut-midhuzen,Noardeast-Fryslân,Fryslân,
Gulpen,gulpen,Gulpen-Wittem,Limburg,1225
Gun,gun,Horst aan de Maas,Limburg,
Guttecoven,guttecoven,Sittard-Geleen,Limburg,2813
Gytsjerk,gytsjerk,Tytsjerksteradiel,Fryslân,2444
Gytsjerksterhoeke,gytsjerksterhoeke,Tytsjerksteradiel,Fryslân,
Haaften,haaften,West Betuwe,Gelderland,3360
Haag,haag,Venray,Limburg,
Haagje,haagje,Utrechtse Heuvelrug,Utrecht,
Haaksbergen,haaksbergen,Haaksbergen,Overijssel,2347
Haakswold,haakswold,De Wolden,Drenthe,
Haalderen,haalderen,Lingewaard,Gelderland,3136
Haalweide,haalweide,De Wolden,Drenthe,
Haamstede,haamstede,Schouwen-Duiveland,Zeeland,
Haanwijk,haanwijk,Sint-Michielsgestel,Noord-Brabant,
Haaren,haaren,Oisterwijk,Noord-Brabant,1427
Haarle,haarle,Hellendoorn,Overijssel,1040
Haarle,haarle,Tubbergen,Overijssel,1286
Haarlem,haarlem,Haarlem,Noord-Holland,2907
Haarlemmerliede,haarlemmerliede,Haarlemmermeer,Noord-Holland,2641
Haarlo,haarlo,Berkelland,Gelderland,1660
Haarsteeg,haarsteeg,Heusden,Noord-Brabant,3500
Haart,haart,Aalten,Gelderland,
Haart,haart,Land van Cuijk,Noord-Brabant,
Haarzuilens,haarzuilens,Utrecht,Utrecht,3298
Haasdal (?),haasdal-,Beekdaelen,Limburg,
Haastrecht,haastrecht,Krimpenerwaard,Zuid-Holland,2387
Haelen,haelen,Leudal,Limburg,2944
Haelensche Broek,haelensche-broek,Leudal,Limburg,
Haerst,haerst,Zwolle,Overijssel,
Hagestein,hagestein,Vijfheerenlanden,Utrecht,3625
Haghorst,haghorst,Hilvarenbeek,Noord-Brabant,1310
Haiink,haiink,Roosendaal,Noord-Brabant,
Hal,hal,Boxtel,Noord-Brabant,
Halder,halder,Sint-Michielsgestel,Noord-Brabant,
Haler,haler,Leudal,Limburg,2945
Halfeind,halfeind,Hulst,Zeeland,
Halfmijl,halfmijl,Eersel,Noord-Brabant,
Halfweg,halfweg,Haarlemmermeer,Noord-Holland,2643
Halfweg,halfweg,Noardeast-Fryslân,Fryslân,
Halfweg,halfweg,Lisse,Zuid-Holland,
Halfweg,halfweg,Staphorst,Overijssel,
Hall,hall,Brummen,Gelderland,1113
Halle,halle,Bronckhorst,Gelderland,3575
Halle-Heide,halle-heide,Bronckhorst,Gelderland,
Halle-Nijman,halle-nijman,Bronckhorst,Gelderland,
Halle-Nijman,halle-nijman,Doetinchem,Gelderland,
Hallerhoek,hallerhoek,Twenterand,Overijssel,
Hallum,hallum,Noardeast-Fryslân,Fryslân,3203
Hallumerhoeke,hallumerhoeke,Noardeast-Fryslân,Fryslân,
Halsteren,halsteren,Bergen op Zoom,Noord-Brabant,1938
Halte,halte,Deurne,Noord-Brabant,
Halvinkhuizen,halvinkhuizen,Putten,Gelderland,
Ham,ham,Land van Cuijk,Noord-Brabant,
Ham,ham,Meierijstad,Noord-Brabant,
Hamdijk,hamdijk,Oldambt,Groningen,
Hamingen,hamingen,Staphorst,Overijssel,
Hammelsberg,hammelsberg,Heumen,Gelderland,
Hamrik,hamrik,Westerkwartier,Groningen,
Hamshorn,hamshorn,Achtkarspelen,Fryslân,
Handel,handel,Gemert-Bakel,Noord-Brabant,2092
Haneburen,haneburen,Opsterland,Fryslân,
Hanenberg,hanenberg,Deurne,Noord-Brabant,
Hanendorp,hanendorp,Epe,Gelderland,
Hank,hank,Land van Cuijk,Noord-Brabant,
Hank,hank,Altena,Noord-Brabant,2215
Hankate,hankate,Hellendoorn,Overijssel,
Hansweert,hansweert,Reimerswaal,Zeeland,3461
Hantum,hantum,Noardeast-Fryslân,Fryslân,3395
Hantumerhoeke,hantumerhoeke,Noardeast-Fryslân,Fryslân,
Hantumerútbuorren,hantumertbuorren,Noardeast-Fryslân,Fryslân,3396
Hantumhuzen,hantumhuzen,Noardeast-Fryslân,Fryslân,3397
Hapert,hapert,Bladel,Noord-Brabant,1065
Haps,haps,Land van Cuijk,Noord-Brabant,1451
Harbrinkhoek,harbrinkhoek,Tubbergen,Overijssel,1287
Harculo,harculo,Zwolle,Overijssel,
Hardenberg,hardenberg,Hardenberg,Overijssel,3608
Harderwijk,harderwijk,Harderwijk,Gelderland,3222
Hardeweer,hardeweer,Westerkwartier,Groningen,
Hardinxveld-Giessendam,hardinxveld-giessendam,Hardinxveld-Giessendam,Zuid-Holland,3031
Haren,haren,Groningen,Groningen,1266
Haren,haren,Oss,Noord-Brabant,3253
Harendermolen,harendermolen,Groningen,Groningen,
Harfsen,harfsen,Lochem,Gelderland,1339
Harich,harich,De Fryske Marren,Fryslân,1676
Harich Westerend,harich-westerend,De Fryske Marren,Fryslân,
Haring,haring,Land van Cuijk,Noord-Brabant,
Haringhuizen,haringhuizen,Hollands Kroon,Noord-Holland,2515
Harkema,harkema,Achtkarspelen,Fryslân,3178
Harkezijl,harkezijl,Súdwest-Fryslân,Fryslân,
Harkstede,harkstede,Midden-Groningen,Groningen,1349
Harkstede,harkstede,Groningen,Groningen,
“Harkstede GN”,harkstede-gn,Groningen,Groningen,3635
Harles,harles,Vaals,Limburg,
Harlingen,harlingen,Harlingen,Fryslân,2891
Harmelen,harmelen,Woerden,Utrecht,1072
Harmelerwaard,harmelerwaard,Woerden,Utrecht,
Harmöle,harmle,Haaksbergen,Overijssel,
Harpel,harpel,Westerwolde,Groningen,
Harreveld,harreveld,Oost Gelre,Gelderland,2228
Harselaar,harselaar,Barneveld,Gelderland,
Harskamp,harskamp,Ede,Gelderland,2768
Harssens,harssens,Het Hogeland,Groningen,
Hartwerd,hartwerd,Súdwest-Fryslân,Fryslân,2310
Hasjesstraat,hasjesstraat,Terneuzen,Zeeland,
Haskerdijken,haskerdijken,De Fryske Marren,Fryslân,2490
Haskerhorne,haskerhorne,De Fryske Marren,Fryslân,2491
(De) Haspel,de-haspel,Westerkwartier,Groningen,
Haspel,haspel,Utrechtse Heuvelrug,Utrecht,
Hasselt,hasselt,Venlo,Limburg,
Hasselt,hasselt,Zwartewaterland,Overijssel,2199
Hasselterheide,hasselterheide,Venlo,Limburg,
Hattelaar,hattelaar,West Betuwe,Gelderland,
Hattem,hattem,Hattem,Gelderland,2882
Hattemerbroek,hattemerbroek,Oldebroek,Gelderland,3069
Haule,haule,Ooststellingwerf,Fryslân,3576
Haulerwijk,haulerwijk,Ooststellingwerf,Fryslân,3577
Hauwert,hauwert,Medemblik,Noord-Holland,3566
Havelt,havelt,Meierijstad,Noord-Brabant,
Havelte,havelte,Westerveld,Drenthe,3113
Havelterberg,havelterberg,Westerveld,Drenthe,3114
Havenhoofd,havenhoofd,Goeree-Overflakkee,Zuid-Holland,
Hayum,hayum,Súdwest-Fryslân,Fryslân,
Hazelaar,hazelaar,Roosendaal,Noord-Brabant,
Hazelberg,hazelberg,Bernheze,Noord-Brabant,
Hazeldonk,hazeldonk,Zundert,Noord-Brabant,
Hazenhurk,hazenhurk,Heeze-Leende,Noord-Brabant,
Hazennest,hazennest,Tilburg,Noord-Brabant,
Hazerswoude-Dorp,hazerswoude-dorp,Alphen aan den Rijn,Zuid-Holland,2852
Hazerswoude-Rijndijk,hazerswoude-rijndijk,Alphen aan den Rijn,Zuid-Holland,2851
Hebrecht,hebrecht,Westerwolde,Groningen,
Hedel,hedel,Maasdriel,Gelderland,1625
Hedel,hedel,Oirschot,Noord-Brabant,
Hedikhuizen,hedikhuizen,Heusden,Noord-Brabant,3515
Hee,hee,Terschelling,Fryslân,2623
Heeg,heeg,Súdwest-Fryslân,Fryslân,2407
Heegherhoek,heegherhoek,Bronckhorst,Gelderland,
Heek,heek,Valkenburg aan de Geul,Limburg,
Heel,heel,Maasgouw,Limburg,1917
Heelsum,heelsum,Renkum,Gelderland,2987
Heelweg-Oost,heelweg-oost,Oude IJsselstreek,Gelderland,
Heelweg-West,heelweg-west,Oude IJsselstreek,Gelderland,
Heelweg,heelweg,Oude IJsselstreek,Gelderland,1576
Heemserveen,heemserveen,Hardenberg,Overijssel,1551
Heemskerk,heemskerk,Heemskerk,Noord-Holland,2458
Heemstede,heemstede,Heemstede,Noord-Holland,2563
Heemstede,heemstede,Houten,Utrecht,
Heensche Molen,heensche-molen,Steenbergen,Noord-Brabant,
Heenvliet,heenvliet,Nissewaard,Zuid-Holland,1387
Heenweg,heenweg,Westland,Zuid-Holland,
Heerde,heerde,Heerde,Gelderland,2865
Heereburen,heereburen,Westerkwartier,Groningen,
Heereind,heereind,Laarbeek,Noord-Brabant,
Heerendonk,heerendonk,"Nuenen, Gerwen en Nederwetten",Noord-Brabant,
Heerenveen,heerenveen,Heerenveen,Fryslân,3522
Heerewaarden,heerewaarden,Maasdriel,Gelderland,1626
Heerhugowaard,heerhugowaard,Dijk en Waard,Noord-Holland,1746
Heerjansdam,heerjansdam,Zwijndrecht,Zuid-Holland,2398
Heerle,heerle,Roosendaal,Noord-Brabant,1590
Heerlen,heerlen,Heerlen,Limburg,1312
Heers,heers,Veldhoven,Noord-Brabant,
Heerstaaien,heerstaaien,Alphen-Chaam,Noord-Brabant,
Heerstraat,heerstraat,Eijsden-Margraten,Limburg,
Hees,hees,De Wolden,Drenthe,
Heesakker,heesakker,Oisterwijk,Noord-Brabant,
Heesbeen,heesbeen,Heusden,Noord-Brabant,3516
Heesboom,heesboom,Baarle-Nassau,Noord-Brabant,
Heesch,heesch,Bernheze,Noord-Brabant,3059
Heeseind,heeseind,'s-Hertogenbosch,Noord-Brabant,
Heesselt,heesselt,West Betuwe,Gelderland,3361
Heeswijk,heeswijk,Bernheze,Noord-Brabant,
Heeswijk-Dinther,heeswijk-dinther,Bernheze,Noord-Brabant,3060
Heeswijk,heeswijk,Montfoort,Utrecht,
Heeten,heeten,Raalte,Overijssel,1498
Heetveld,heetveld,Steenwijkerland,Overijssel,
Heeze,heeze,Heeze-Leende,Noord-Brabant,1314
Heezerenbosch,heezerenbosch,Heeze-Leende,Noord-Brabant,
Hefswal,hefswal,Het Hogeland,Groningen,
Hegebeintum,hegebeintum,Noardeast-Fryslân,Fryslân,3204
Hegelsom,hegelsom,Horst aan de Maas,Limburg,1031
Hegge,hegge,Epe,Gelderland,
Hegge,hegge,Beekdaelen,Limburg,
Hei,hei,Peel en Maas,Limburg,
Hei,hei,Peel en Maas,Limburg,
Hei,hei,Weert,Limburg,
Hei- en Boeicop,hei--en-boeicop,Vijfheerenlanden,Utrecht,2109
Heiakker,heiakker,Leudal,Limburg,
Heibloem,heibloem,Leudal,Limburg,2946
Heide,heide,De Fryske Marren,Fryslân,
Heide,heide,Echt-Susteren,Limburg,
Heide (?),heide-,Heumen,Gelderland,
Heide,heide,Leudal,Limburg,
Heide,heide,Leudal,Limburg,
Heide,heide,Leudal,Limburg,
Heide,heide,Montferland,Gelderland,
Heide,heide,Roermond,Limburg,
Heide,heide,Venray,Limburg,2329
Heidehuizen,heidehuizen,Opsterland,Fryslân,
Heidekant,heidekant,Doetinchem,Gelderland,
Heidenhoek,heidenhoek,Bronckhorst,Gelderland,
Heiderschoor,heiderschoor,Geldrop-Mierlo,Noord-Brabant,
Heidveld,heidveld,Gemert-Bakel,Noord-Brabant,
Heieind,heieind,Bladel,Noord-Brabant,
Heieind,heieind,Deurne,Noord-Brabant,
Heieind,heieind,Someren,Noord-Brabant,
Heiereind,heiereind,Bergeijk,Noord-Brabant,
Heierhoeve,heierhoeve,Venlo,Limburg,
Heihoefke,heihoefke,Bergen op Zoom,Noord-Brabant,
Heihoek,heihoek,Land van Cuijk,Noord-Brabant,
Heijbeek,heijbeek,Roosendaal,Noord-Brabant,
Heijen,heijen,Gennep,Limburg,2483
Heijenrath,heijenrath,Gulpen-Wittem,Limburg,1228
Heijningen,heijningen,Moerdijk,Noord-Brabant,1318
Heikant,heikant,Alphen-Chaam,Noord-Brabant,
Heikant,heikant,Baarle-Nassau,Noord-Brabant,
Heikant,heikant,Baarle-Nassau,Noord-Brabant,
Heikant,heikant,Bladel,Noord-Brabant,
Heikant,heikant,Land van Cuijk,Noord-Brabant,
Heikant,heikant,Land van Cuijk,Noord-Brabant,
Heikant,heikant,Land van Cuijk,Noord-Brabant,
Heikant,heikant,Cranendonck,Noord-Brabant,
Heikant,heikant,Hilvarenbeek,Noord-Brabant,
Heikant,heikant,Hulst,Zeeland,3091
Heikant,heikant,Laarbeek,Noord-Brabant,
Heikant,heikant,Mook en Middelaar,Limburg,
Heikant,heikant,Oisterwijk,Noord-Brabant,
Heikant,heikant,Oosterhout,Noord-Brabant,
Heikant,heikant,Reusel-De Mierden,Noord-Brabant,
Heikant,heikant,Land van Cuijk,Noord-Brabant,
Heikant,heikant,Someren,Noord-Brabant,
Heikant,heikant,Tilburg,Noord-Brabant,
Heikant,heikant,Tilburg,Noord-Brabant,
Heikant,heikant,Maashorst,Noord-Brabant,
Heikant,heikant,Waalre,Noord-Brabant,
Heikantse Hoeve,heikantse-hoeve,Sint-Michielsgestel,Noord-Brabant,
Heiligeboom,heiligeboom,Oisterwijk,Noord-Brabant,
Heiligerlee,heiligerlee,Oldambt,Groningen,1899
Heilig Landstichting,heilig-landstichting,Berg en Dal,Gelderland,2292
Heille,heille,Sluis,Zeeland,
Heiloo,heiloo,Heiloo,Noord-Holland,1243
Heimolen,heimolen,Bergen op Zoom,Noord-Brabant,
Heimolen,heimolen,Deurne,Noord-Brabant,
Heineburen,heineburen,Westerkwartier,Groningen,
Heinenoord,heinenoord,Hoeksche Waard,Zuid-Holland,2381
Heinkenszand,heinkenszand,Borsele,Zeeland,1255
Heino,heino,Raalte,Overijssel,1492
Heioord,heioord,Leudal,Limburg,
Hei-Oostenrijk,hei-oostenrijk,Horst aan de Maas,Limburg,
Heische Wal,heische-wal,Bernheze,Noord-Brabant,
Heisterbrug,heisterbrug,Beekdaelen,Limburg,
Heistraat,heistraat,Eindhoven,Noord-Brabant,
Heistraat,heistraat,Oosterhout,Noord-Brabant,
Heitrak,heitrak,Deurne,Noord-Brabant,
Heiveld,heiveld,Wijchen,Gelderland,
Hekelingen,hekelingen,Nissewaard,Zuid-Holland,3033
Hekendorp,hekendorp,Oudewater,Utrecht,1909
Hekkum,hekkum,Het Hogeland,Groningen,
Helbroek,helbroek,Land van Cuijk,Noord-Brabant,
Helden,helden,Peel en Maas,Limburg,3441
Heldensedijk,heldensedijk,Peel en Maas,Limburg,
Helenaveen,helenaveen,Deurne,Noord-Brabant,1778
Helhoek,helhoek,Duiven,Gelderland,
Helhoek,helhoek,Voorne aan Zee,Zuid-Holland,
Helhuizen,helhuizen,Rijssen-Holten,Overijssel,
Helkant,helkant,Drimmelen,Noord-Brabant,
Hell,hell,Putten,Gelderland,
Helle,helle,Gulpen-Wittem,Limburg,
Helle,helle,Beekdaelen,Limburg,
Hellebroek,hellebroek,Beekdaelen,Limburg,
Hellegat,hellegat,Zundert,Noord-Brabant,
Hellendoorn,hellendoorn,Hellendoorn,Overijssel,3583
Helleneind,helleneind,Bladel,Noord-Brabant,
Hellevoetsluis,hellevoetsluis,Voorne aan Zee,Zuid-Holland,2137
Helling,helling,Venray,Limburg,
Hellouw,hellouw,West Betuwe,Gelderland,3362
Hellum,hellum,Midden-Groningen,Groningen,1350
Helmond,helmond,Helmond,Noord-Brabant,1146
Helsdingen,helsdingen,Vijfheerenlanden,Utrecht,
Helvoirt,helvoirt,Vught,Noord-Brabant,1428
Helwerd,helwerd,Het Hogeland,Groningen,
Helwijk,helwijk,Moerdijk,Noord-Brabant,
Hem,hem,Drechterland,Noord-Holland,1507
Hemelum,hemelum,Súdwest-Fryslân,Fryslân,1970
Hemert,hemert,Groningen,Groningen,
Hemmen,hemmen,Overbetuwe,Gelderland,1865
Hempens,hempens,Leeuwarden,Fryslân,1202
Hemrik,hemrik,Opsterland,Fryslân,3347
Hemrikerverlaat,hemrikerverlaat,Opsterland,Fryslân,
Hendrik-Ido-Ambacht,hendrik-ido-ambacht,Hendrik-Ido-Ambacht,Zuid-Holland,2352
Hengeland,hengeland,Bergen,Limburg,
Hengelo,hengelo,Bronckhorst,Gelderland,
“Hengelo (Gld)”,hengelo-gld,Bronckhorst,Gelderland,1535
Hengelo,hengelo,Hengelo,Overijssel,3510
Hengevelde,hengevelde,Hof van Twente,Overijssel,1443
Hengforden,hengforden,Olst-Wijhe,Overijssel,
Hengstdijk,hengstdijk,Hulst,Zeeland,3098
Hengstheuvel,hengstheuvel,Maashorst,Noord-Brabant,
Hensbroek,hensbroek,Koggenland,Noord-Holland,1186
Herbaijum,herbaijum,Waadhoeke,Fryslân,1365
Herfte,herfte,Zwolle,Overijssel,
Herike,herike,Hof van Twente,Overijssel,
Herkenbosch,herkenbosch,Roerdalen,Limburg,2590
Herkenrade,herkenrade,Eijsden-Margraten,Limburg,
Herkingen,herkingen,Goeree-Overflakkee,Zuid-Holland,2378
Hermalen,hermalen,Meierijstad,Noord-Brabant,
Hernen,hernen,Wijchen,Gelderland,2566
Herpen,herpen,Oss,Noord-Brabant,3255
Herpt,herpt,Heusden,Noord-Brabant,3517
Hersel,hersel,Someren,Noord-Brabant,
Hersend,hersend,Sint-Michielsgestel,Noord-Brabant,
Hert,hert,Peel en Maas,Limburg,
Herten,herten,Roermond,Limburg,2282
Hertme,hertme,Borne,Overijssel,3570
Herveld,herveld,Overbetuwe,Gelderland,1866
Herveld-Noord,herveld-noord,Overbetuwe,Gelderland,
Herveld-Zuid,herveld-zuid,Overbetuwe,Gelderland,
Herwen,herwen,Zevenaar,Gelderland,2977
Herwijnen,herwijnen,West Betuwe,Gelderland,2354
Herxen,herxen,Olst-Wijhe,Overijssel,
Hesens,hesens,Leeuwarden,Fryslân,
Hespelaar,hespelaar,Oosterhout,Noord-Brabant,
Hessum,hessum,Dalfsen,Overijssel,
Het Beggelder,het-beggelder,Aalten,Gelderland,
Het Beijersche,het-beijersche,Krimpenerwaard,Zuid-Holland,
Het Bosch,het-bosch,Bladel,Noord-Brabant,
Het Broek,het-broek,Doetinchem,Gelderland,
Het Broek,het-broek,Geldrop-Mierlo,Noord-Brabant,
Het Goordonk,het-goordonk,Baarle-Nassau,Noord-Brabant,
Het Heike,het-heike,Eersel,Noord-Brabant,
Het Hoekske,het-hoekske,Rucphen,Noord-Brabant,
Het Kustlicht,het-kustlicht,Veere,Zeeland,
Het Laar,het-laar,Laarbeek,Noord-Brabant,
Het Loo,het-loo,Wierden,Overijssel,
Het Moer,het-moer,Westerveld,Drenthe,
Het Oosteind,het-oosteind,Rucphen,Noord-Brabant,
Het Oudeland,het-oudeland,Borsele,Zeeland,
Het Oudeland,het-oudeland,Tholen,Zeeland,
Het Reidland,het-reidland,Het Hogeland,Groningen,
Het Sas,het-sas,Alphen-Chaam,Noord-Brabant,
Het Schier,het-schier,Westerveld,Drenthe,
Het Stift,het-stift,Dinkelland,Overijssel,
Het Veen,het-veen,Midden-Groningen,Groningen,
Ven,ven,Meierijstad,Noord-Brabant,
Het Vonderen,het-vonderen,Maasgouw,Limburg,
Het Vorst,het-vorst,Venlo,Limburg,
Het Westeinde,het-westeinde,Medemblik,Noord-Holland,
Het Wild,het-wild,Oss,Noord-Brabant,
Heteren,heteren,Overbetuwe,Gelderland,1867
Heugde,heugde,Leudal,Limburg,
Heukelom,heukelom,Bergen,Limburg,
Heukelom,heukelom,Oisterwijk,Noord-Brabant,2648
Heukelum,heukelum,West Betuwe,Gelderland,2355
Heult,heult,Boxtel,Noord-Brabant,
Heumen,heumen,Heumen,Gelderland,3495
Heure,heure,Berkelland,Gelderland,
Heurne,heurne,Aalten,Gelderland,
Heurne,heurne,Berkelland,Gelderland,
Heusden,heusden,Asten,Noord-Brabant,2929
Heusden,heusden,Heusden,Noord-Brabant,3518
Heuvel,heuvel,Bladel,Noord-Brabant,
Heuvel,heuvel,Valkenswaard,Noord-Brabant,
Heuvel,heuvel,Meierijstad,Noord-Brabant,
Heuvelberg,heuvelberg,Meierijstad,Noord-Brabant,
Heuvelstraat,heuvelstraat,Oisterwijk,Noord-Brabant,
Heuveltje,heuveltje,Tilburg,Noord-Brabant,
Heuven,heuven,Oude IJsselstreek,Gelderland,
Heveadorp,heveadorp,Renkum,Gelderland,2988
Hexel,hexel,Hellendoorn,Overijssel,
Heythuysen,heythuysen,Leudal,Limburg,2947
Hezelaar,hezelaar,Boxtel,Noord-Brabant,
Hezelaar,hezelaar,Sint-Michielsgestel,Noord-Brabant,
Hezingen,hezingen,Tubbergen,Overijssel,1288
Hiaure,hiaure,Noardeast-Fryslân,Fryslân,3398
Hichtum,hichtum,Súdwest-Fryslân,Fryslân,2311
Hidaard,hidaard,Súdwest-Fryslân,Fryslân,2016
Hien,hien,Neder-Betuwe,Gelderland,
Hierden,hierden,Harderwijk,Gelderland,3223
Hieslum,hieslum,Súdwest-Fryslân,Fryslân,2312
Hijken,hijken,Midden-Drenthe,Drenthe,3013
Hijkersmilde,hijkersmilde,Midden-Drenthe,Drenthe,
Hilaard,hilaard,Leeuwarden,Fryslân,2017
Hijum,hijum,Leeuwarden,Fryslân,3227
Hilakker,hilakker,Gemert-Bakel,Noord-Brabant,
Hild,hild,Oisterwijk,Noord-Brabant,
Hill,hill,Altena,Noord-Brabant,
Hillegom,hillegom,Hillegom,Zuid-Holland,3535
Hilleshagen,hilleshagen,Gulpen-Wittem,Limburg,
Hilvarenbeek,hilvarenbeek,Hilvarenbeek,Noord-Brabant,1307
Hilversum,hilversum,Hilversum,Noord-Holland,1036
Hilversumse Meent,hilversumse-meent,Hilversum,Noord-Holland,
Himert,himert,Súdwest-Fryslân,Fryslân,
Hindeloopen,hindeloopen,Súdwest-Fryslân,Fryslân,1968
Hingen,hingen,Echt-Susteren,Limburg,
Hinnaard,hinnaard,Súdwest-Fryslân,Fryslân,2018
Hintham,hintham,'s-Hertogenbosch,Noord-Brabant,
Hippolytushoef,hippolytushoef,Hollands Kroon,Noord-Holland,1488
Hitsertse Kade,hitsertse-kade,Hoeksche Waard,Zuid-Holland,
Hitzum,hitzum,Waadhoeke,Fryslân,1363
Ho(o)gebiezen (?),hoogebiezen-,Meierijstad,Noord-Brabant,
Hobbelrade,hobbelrade,Beek,Limburg,
Hobrede,hobrede,Edam-Volendam,Noord-Holland,1838
Höchte,hchte,Stadskanaal,Groningen,
Hodenpijl,hodenpijl,Midden-Delfland,Zuid-Holland,
Hoedekenskerke,hoedekenskerke,Borsele,Zeeland,1256
Hoef,hoef,Putten,Gelderland,
Hoef en Haag,hoef-en-haag,Vijfheerenlanden,Utrecht,3626
Hoefkens,hoefkens,Maashorst,Noord-Brabant,
Hoek,hoek,Beuningen,Gelderland,
Hoek,hoek,Leeuwarden,Fryslân,
Hoek,hoek,Leudal,Limburg,
Hoek,hoek,Sint-Michielsgestel,Noord-Brabant,
Hoek,hoek,Terneuzen,Zeeland,1130
Hoek,hoek,Valkenswaard,Noord-Brabant,
Hoek,hoek,Meierijstad,Noord-Brabant,
Hoek van de Dijk,hoek-van-de-dijk,Terneuzen,Zeeland,
Hoek van Holland,hoek-van-holland,Rotterdam,Zuid-Holland,3082
Hoekdries,hoekdries,Eersel,Noord-Brabant,
Hoekeinde,hoekeinde,Altena,Noord-Brabant,
Hoekelum,hoekelum,Ede,Gelderland,
Hoekens,hoekens,Súdwest-Fryslân,Fryslân,
Hoekje,hoekje,Westerkwartier,Groningen,
Hoekske,hoekske,Moerdijk,Noord-Brabant,
Hoeksmeer,hoeksmeer,Eemsdelta,Groningen,
Hoenderloo,hoenderloo,Apeldoorn,Gelderland,2257
Hoenderloo,hoenderloo,Ede,Gelderland,2772
Hoenkoop,hoenkoop,Oudewater,Utrecht,
Hoensbroek,hoensbroek,Heerlen,Limburg,1313
Hoenzadriel,hoenzadriel,Maasdriel,Gelderland,1627
Hoetmansmeer,hoetmansmeer,Pekela,Groningen,
Hoeve,hoeve,Beek,Limburg,
Hoeve,hoeve,Beuningen,Gelderland,
Hoeve,hoeve,Lingewaard,Gelderland,
Hoeve,hoeve,Valkenswaard,Noord-Brabant,
Hoevelaken,hoevelaken,Nijkerk,Gelderland,2871
Hoeven,hoeven,Gemert-Bakel,Noord-Brabant,
Hoeven,hoeven,Halderberge,Noord-Brabant,1250
Hoeven,hoeven,Nederweert,Limburg,
Hoeven,hoeven,Land van Cuijk,Noord-Brabant,
Hoeves,hoeves,Meierijstad,Noord-Brabant,
Hoevestein,hoevestein,Roosendaal,Noord-Brabant,
't Hof (?),t-hof-,Heumen,Gelderland,
Hof,hof,Peel en Maas,Limburg,
Höfke,hfke,Gulpen-Wittem,Limburg,
Hoge Enk,hoge-enk,Elburg,Gelderland,
Hoge Hexel,hoge-hexel,Wierden,Overijssel,1089
Hoge Linthorst,hoge-linthorst,De Wolden,Drenthe,
Hogebrug,hogebrug,Bodegraven-Reeuwijk,Zuid-Holland,
Hogeveen,hogeveen,Alphen aan den Rijn,Zuid-Holland,
Hogeweg,hogeweg,Kampen,Overijssel,
Holk,holk,Nijkerk,Gelderland,
Holkerveen,holkerveen,Nijkerk,Gelderland,
Hollander,hollander,Leudal,Limburg,
Hollandsche Rading,hollandsche-rading,De Bilt,Utrecht,2938
Hollandscheveld,hollandscheveld,Hoogeveen,Drenthe,1813
Hollandsdiep,hollandsdiep,Roosendaal,Noord-Brabant,
Hollenberg,hollenberg,Aalten,Gelderland,
Hollevoeterbrug,hollevoeterbrug,Zuidplas,Zuid-Holland,
Hollum,hollum,Ameland,Fryslân,2586
Holset,holset,Vaals,Limburg,
Holsloot,holsloot,Coevorden,Drenthe,2156
Holst,holst,Roerdalen,Limburg,
Holt,holt,Dalfsen,Overijssel,
Holte,holte,Stadskanaal,Groningen,
Holten,holten,Rijssen-Holten,Overijssel,1567
Holten,holten,Zwartewaterland,Overijssel,
Holterhoek,holterhoek,Berkelland,Gelderland,
Holthe,holthe,Midden-Drenthe,Drenthe,
Holthees,holthees,Land van Cuijk,Noord-Brabant,1217
Holtheme,holtheme,Hardenberg,Overijssel,1552
Holthone,holthone,Hardenberg,Overijssel,1553
Holthuizen,holthuizen,Montferland,Gelderland,
Holthuizen,holthuizen,Zevenaar,Gelderland,
Holtien,holtien,Westerveld,Drenthe,
Holtinge,holtinge,Westerveld,Drenthe,
Holtland,holtland,Westerveld,Drenthe,
Holtum,holtum,Sittard-Geleen,Limburg,2814
Holwert,holwert,Noardeast-Fryslân,Fryslân,3399
Holwierde,holwierde,Eemsdelta,Groningen,3237
Holwinde,holwinde,Het Hogeland,Groningen,
Holysloot,holysloot,Amsterdam,Noord-Holland,
Homberg,homberg,Horst aan de Maas,Limburg,
Hommelse Hoeven,hommelse-hoeven,Bernheze,Noord-Brabant,
Hommert,hommert,Beekdaelen,Limburg,
Hommert,hommert,Beekdaelen,Limburg,
Hommerts,hommerts,Súdwest-Fryslân,Fryslân,2408
Homoet,homoet,Overbetuwe,Gelderland,1868
Honderd,honderd,Eemsdelta,Groningen,
Hondseind,hondseind,Alphen-Chaam,Noord-Brabant,
Hondsrug,hondsrug,Heerlen,Limburg,
Honesch,honesch,Haaksbergen,Overijssel,
Hongerige Wolf,hongerige-wolf,Oldambt,Groningen,
Honselersdijk,honselersdijk,Westland,Zuid-Holland,2656
Honswijk,honswijk,Houten,Utrecht,
Honthem,honthem,Eijsden-Margraten,Limburg,
Hoofddorp,hoofddorp,Haarlemmermeer,Noord-Holland,1597
Hoofdplaat,hoofdplaat,Sluis,Zeeland,2968
Hoog Baarlo,hoog-baarlo,Ede,Gelderland,
Hoog Buurlo,hoog-buurlo,Apeldoorn,Gelderland,
Hoog Kana,hoog-kana,Buren,Gelderland,
Hoog Soeren,hoog-soeren,Apeldoorn,Gelderland,3564
Hoog Spul,hoog-spul,Hilvarenbeek,Noord-Brabant,
Hoog Zuthem,hoog-zuthem,Zwolle,Overijssel,
Hoogblokland,hoogblokland,Molenlanden,Zuid-Holland,1434
Hoogbroek,hoogbroek,Neder-Betuwe,Gelderland,
Hoogbroek,hoogbroek,Wijchen,Gelderland,
Hoog-Caestert,hoog-caestert,Eijsden-Margraten,Limburg,
Hoogcasteren,hoogcasteren,Bladel,Noord-Brabant,
Hoogcruts,hoogcruts,Eijsden-Margraten,Limburg,
Hooge Aard,hooge-aard,Gilze en Rijen,Noord-Brabant,
Hooge Berkt,hooge-berkt,Bergeijk,Noord-Brabant,
Hooge Heide,hooge-heide,Maashorst,Noord-Brabant,
Hooge Mierde,hooge-mierde,Reusel-De Mierden,Noord-Brabant,1874
Hooge Wijst,hooge-wijst,Bernheze,Noord-Brabant,
Hooge Zwaluwe,hooge-zwaluwe,Drimmelen,Noord-Brabant,2575
Hoogedijk,hoogedijk,Terneuzen,Zeeland,
Hoogeduurswoude,hoogeduurswoude,Ooststellingwerf,Fryslân,
Hoogehaar,hoogehaar,Coevorden,Drenthe,
Hoogeind,hoogeind,Baarle-Nassau,Noord-Brabant,
Hoogeind,hoogeind,Land van Cuijk,Noord-Brabant,
Hoogeind,hoogeind,Land van Cuijk,Noord-Brabant,
Hoogeind,hoogeind,Hilvarenbeek,Noord-Brabant,
Hoogeind,hoogeind,Vijfheerenlanden,Utrecht,
Hoogeind,hoogeind,Oirschot,Noord-Brabant,
Hoogelande,hoogelande,Veere,Zeeland,
Hoogeloon,hoogeloon,Bladel,Noord-Brabant,1066
Hoogen-Aarle,hoogen-aarle,Gemert-Bakel,Noord-Brabant,
Hoogengraven,hoogengraven,Ommen,Overijssel,
Hoogenweg,hoogenweg,Hardenberg,Overijssel,1554
Hoogerheide,hoogerheide,Woensdrecht,Noord-Brabant,1000
Hoogersmilde,hoogersmilde,Midden-Drenthe,Drenthe,3014
Hoogersmilde,hoogersmilde,Westerveld,Drenthe,3115
Hoogeveen,hoogeveen,Hoogeveen,Drenthe,1814
Hoogeweg,hoogeweg,Sluis,Zeeland,
Hoogezand,hoogezand,Midden-Groningen,Groningen,1018
Hooghalen,hooghalen,Midden-Drenthe,Drenthe,3015
Hooghout,hooghout,Tilburg,Noord-Brabant,
Hoogkarspel,hoogkarspel,Drechterland,Noord-Holland,1508
Hoog-Keppel,hoog-keppel,Bronckhorst,Gelderland,1521
Hoogkerk,hoogkerk,Groningen,Groningen,
Hoogland,hoogland,Amersfoort,Utrecht,1665
Hooglanderveen,hooglanderveen,Amersfoort,Utrecht,1666
Hoogmade,hoogmade,Kaag en Braassem,Zuid-Holland,3034
Hoogmeien,hoogmeien,Buren,Gelderland,
Hoogriebroek,hoogriebroek,Venray,Limburg,
Hoogstraat,hoogstraat,Eersel,Noord-Brabant,
Hoogstraat,hoogstraat,Leudal,Limburg,
Hoogveld,hoogveld,Maashorst,Noord-Brabant,
Hoogvliet,hoogvliet,Rotterdam,Zuid-Holland,
“Hoogvliet Rotterdam”,hoogvliet-rotterdam,Rotterdam,Zuid-Holland,3083
Hoogwatum,hoogwatum,Eemsdelta,Groningen,
Hoogwoud,hoogwoud,Opmeer,Noord-Holland,2790
Hooibergen,hooibergen,De Fryske Marren,Fryslân,
Hooidonk,hooidonk,Son en Breugel,Noord-Brabant,
Hool,hool,"Nuenen, Gerwen en Nederwetten",Noord-Brabant,
Hoonhorst,hoonhorst,Dalfsen,Overijssel,
Hoonte,hoonte,Berkelland,Gelderland,
Hoorn,hoorn,Alphen aan den Rijn,Zuid-Holland,
Hoorn,hoorn,Westerwolde,Groningen,
Hoorn,hoorn,Heerde,Gelderland,
Hoorn,hoorn,Hoorn,Noord-Holland,3614
Hoorn,hoorn,Terschelling,Fryslân,2615
Hoornaar,hoornaar,Molenlanden,Zuid-Holland,1435
Hoornderveen,hoornderveen,Westerwolde,Groningen,
Hoornerveen,hoornerveen,Heerde,Gelderland,
Hoornsedijk,hoornsedijk,Groningen,Groningen,
Hoornsterzwaag,hoornsterzwaag,Heerenveen,Fryslân,2197
Hoptille,hoptille,Leeuwarden,Fryslân,
Horick,horick,Nederweert,Limburg,
Horn,horn,Leudal,Limburg,2948
Horn,horn,Stede Broec,Noord-Holland,
Hornhuizen,hornhuizen,Het Hogeland,Groningen,3416
Horssen,horssen,Druten,Gelderland,2905
Horst,horst,Ermelo,Gelderland,
Horst,horst,Gilze en Rijen,Noord-Brabant,
Horst,horst,Horst aan de Maas,Limburg,1032
Horsten,horsten,Stadskanaal,Groningen,
Horsthoek,horsthoek,Heerde,Gelderland,
Horzik,horzik,Sint-Michielsgestel,Noord-Brabant,
Hout,hout,Geldrop-Mierlo,Noord-Brabant,
Hout,hout,Peel en Maas,Limburg,
Hout-Blerick,hout-blerick,Venlo,Limburg,
Houtbroek,houtbroek,Weert,Limburg,
Houtdorp,houtdorp,Ermelo,Gelderland,
Houten,houten,Houten,Utrecht,2053
Houterd,houterd,Meierijstad,Noord-Brabant,
Houtgoor,houtgoor,Alphen-Chaam,Noord-Brabant,
Houthei,houthei,Peel en Maas,Limburg,
Houthem,houthem,Valkenburg aan de Geul,Limburg,
Houthuizen,houthuizen,Horst aan de Maas,Limburg,
Houtigehage,houtigehage,Smallingerland,Fryslân,3282
Houtsestraat,houtsestraat,Tilburg,Noord-Brabant,
Houwerzijl,houwerzijl,Het Hogeland,Groningen,3417
Hub,hub,Peel en Maas,Limburg,
Hugten,hugten,Cranendonck,Noord-Brabant,
Huij,huij,Land van Cuijk,Noord-Brabant,
Huijbergen,huijbergen,Woensdrecht,Noord-Brabant,1001
Huinen,huinen,Putten,Gelderland,
Huinerbroek,huinerbroek,Putten,Gelderland,
Huinerwal,huinerwal,Putten,Gelderland,
Huis ter Heide,huis-ter-heide,Zeist,Utrecht,2825
Huisduinen,huisduinen,Den Helder,Noord-Holland,3057
Huisseling,huisseling,Oss,Noord-Brabant,3257
Huissen,huissen,Lingewaard,Gelderland,3130
Huis ter Heide,huis-ter-heide,Noordenveld,Drenthe,1637
Huisvennen,huisvennen,Baarle-Nassau,Noord-Brabant,
Huize Padua,huize-padua,Boekel,Noord-Brabant,
Huizen,huizen,Huizen,Noord-Holland,1011
Huizerhoogt,huizerhoogt,Huizen,Noord-Holland,
Huizinge,huizinge,Eemsdelta,Groningen,3447
Hulhuizen,hulhuizen,Lingewaard,Gelderland,
Huls,huls,Simpelveld,Limburg,
Hulsbeek,hulsbeek,Land van Cuijk,Noord-Brabant,
Hulsberg,hulsberg,Beekdaelen,Limburg,2359
Hulsdonk,hulsdonk,Zundert,Noord-Brabant,
Hulsel,hulsel,Reusel-De Mierden,Noord-Brabant,1875
Hulsen,hulsen,Hellendoorn,Overijssel,
Hulsen,hulsen,Meerssen,Limburg,
Hulsen,hulsen,Nederweert,Limburg,
Hulshorst,hulshorst,Nunspeet,Gelderland,2984
Hulst,hulst,Hulst,Zeeland,3088
Hulten,hulten,Gilze en Rijen,Noord-Brabant,2068
Hultje,hultje,Maashorst,Noord-Brabant,
Humcoven,humcoven,Meerssen,Limburg,
Hummelo,hummelo,Bronckhorst,Gelderland,1523
Hunnecum,hunnecum,Beekdaelen,Limburg,
Húns,hns,Leeuwarden,Fryslân,2019
Hunsel,hunsel,Leudal,Limburg,2949
Hupsel,hupsel,Berkelland,Gelderland,
Hurdegaryp,hurdegaryp,Tytsjerksteradiel,Fryslân,2449
Hurkske,hurkske,Meierijstad,Noord-Brabant,
Hurpesch,hurpesch,Gulpen-Wittem,Limburg,
Hurwenen,hurwenen,Maasdriel,Gelderland,1628
Hushoven,hushoven,Weert,Limburg,
Hussenberg,hussenberg,Meerssen,Limburg,
Hûsternoard,hsternoard,Noardeast-Fryslân,Fryslân,
Huurne,huurne,Wierden,Overijssel,
Huygevoort,huygevoort,Oirschot,Noord-Brabant,
Idaard,idaard,Leeuwarden,Fryslân,2529
Idsegahuizum,idsegahuizum,Súdwest-Fryslân,Fryslân,2313
Idserdaburen,idserdaburen,Súdwest-Fryslân,Fryslân,
Idskenhuizen,idskenhuizen,De Fryske Marren,Fryslân,2492
Idzega,idzega,Súdwest-Fryslân,Fryslân,2409
Ie,ie,Noardeast-Fryslân,Fryslân,3392
Iens,iens,Súdwest-Fryslân,Fryslân,2020
Iezumasyl,iezumasyl,Noardeast-Fryslân,Fryslân,
IJhorst,ijhorst,Staphorst,Overijssel,1048
IJlst,ijlst,Súdwest-Fryslân,Fryslân,2410
IJmuiden,ijmuiden,Velsen,Noord-Holland,2835
IJpelaar,ijpelaar,Breda,Noord-Brabant,
IJsselham,ijsselham,Steenwijkerland,Overijssel,2701
IJssellaan,ijssellaan,Krimpenerwaard,Zuid-Holland,
IJsselmuiden,ijsselmuiden,Kampen,Overijssel,2895
IJsselstein,ijsselstein,IJsselstein,Utrecht,2432
IJzendijke,ijzendijke,Sluis,Zeeland,2974
IJzendoorn,ijzendoorn,Neder-Betuwe,Gelderland,1099
IJzeren,ijzeren,Valkenburg aan de Geul,Limburg,
IJzerlo,ijzerlo,Aalten,Gelderland,
IJzevoorde,ijzevoorde,Doetinchem,Gelderland,
Illikhoven,illikhoven,Echt-Susteren,Limburg,
Ilpendam,ilpendam,Waterland,Noord-Holland,1941
Imstenrade,imstenrade,Heerlen,Limburg,
In de Hoeven,in-de-hoeven,Peel en Maas,Limburg,
Indijk,indijk,Súdwest-Fryslân,Fryslân,2411
Indoornik,indoornik,Overbetuwe,Gelderland,
Ingber,ingber,Gulpen-Wittem,Limburg,1226
Ingelum,ingelum,Waadhoeke,Fryslân,2728
Ingen,ingen,Buren,Gelderland,3376
Ingwierrum,ingwierrum,Noardeast-Fryslân,Fryslân,3393
Iniaheide,iniaheide,Tytsjerksteradiel,Fryslân,
Irnsum,irnsum,Leeuwarden,Fryslân,2530
Isabellahaven,isabellahaven,Terneuzen,Zeeland,
It Fliet,it-fliet,Súdwest-Fryslân,Fryslân,
It Heechsân,it-heechsn,Tytsjerksteradiel,Fryslân,
Itens,itens,Súdwest-Fryslân,Fryslân,2021
It Heidenskip,it-heidenskip,Súdwest-Fryslân,Fryslân,1973
Itteren,itteren,Maastricht,Limburg,
Ittervoort,ittervoort,Leudal,Limburg,2950
Jaarsveld,jaarsveld,Lopik,Utrecht,1959
Jabeek,jabeek,Beekdaelen,Limburg,2846
Jagerswijk,jagerswijk,Midden-Groningen,Groningen,
Jannendorp,jannendorp,Leusden,Utrecht,
Jannum,jannum,Noardeast-Fryslân,Fryslân,3205
Jellum,jellum,Leeuwarden,Fryslân,2022
Jelsum,jelsum,Leeuwarden,Fryslân,3228
Jeth,jeth,Súdwest-Fryslân,Fryslân,
Jewier,jewier,Noardeast-Fryslân,Fryslân,
Jipsingboermussel,jipsingboermussel,Westerwolde,Groningen,
Jipsingboertange,jipsingboertange,Westerwolde,Groningen,
Jipsinghuizen,jipsinghuizen,Westerwolde,Groningen,
Jislum,jislum,Noardeast-Fryslân,Fryslân,3206
Jisp,jisp,Wormerland,Noord-Holland,2284
Jistrum,jistrum,Tytsjerksteradiel,Fryslân,2452
Jonas,jonas,Epe,Gelderland,
Jonen,jonen,Steenwijkerland,Overijssel,
Jonkerslân,jonkersln,Opsterland,Fryslân,3348
Jonkershuizen,jonkershuizen,Súdwest-Fryslân,Fryslân,
Jonkersvaart,jonkersvaart,Westerkwartier,Groningen,2261
Joossesweg,joossesweg,Veere,Zeeland,
Joppe,joppe,Lochem,Gelderland,1340
Jorwert,jorwert,Leeuwarden,Fryslân,2023
Joure,joure,De Fryske Marren,Fryslân,2493
Jousterp,jousterp,Súdwest-Fryslân,Fryslân,
Jouswerd,jouswerd,Súdwest-Fryslân,Fryslân,
Jouswier,jouswier,Noardeast-Fryslân,Fryslân,3400
Jubbega,jubbega,Heerenveen,Fryslân,2196
Jubbega-Schurega,jubbega-schurega,Heerenveen,Fryslân,
Jukwerd,jukwerd,Eemsdelta,Groningen,
Julianadorp,julianadorp,Den Helder,Noord-Holland,3058
Junne,junne,Ommen,Overijssel,
Jutrijp,jutrijp,Súdwest-Fryslân,Fryslân,2412
Kaag,kaag,Kaag en Braassem,Zuid-Holland,3035
Kaakhorn,kaakhorn,Het Hogeland,Groningen,
Kaard,kaard,Terschelling,Fryslân,2622
Kaarschot,kaarschot,Zundert,Noord-Brabant,
Kaathoven,kaathoven,'s-Hertogenbosch,Noord-Brabant,
Kaatsheuvel,kaatsheuvel,Loon op Zand,Noord-Brabant,3052
Kade,kade,Moerdijk,Noord-Brabant,
Kadijk,kadijk,Krimpenerwaard,Zuid-Holland,
Kadoelen,kadoelen,Steenwijkerland,Overijssel,
Kalenberg,kalenberg,Hoogeveen,Drenthe,
Kalenberg,kalenberg,Steenwijkerland,Overijssel,2702
Kalishoek,kalishoek,Alphen-Chaam,Noord-Brabant,
Kalkwijk,kalkwijk,Midden-Groningen,Groningen,
Kallenbroek,kallenbroek,Barneveld,Gelderland,
Kallenkote,kallenkote,Steenwijkerland,Overijssel,2703
Kalteren,kalteren,Westerveld,Drenthe,
Kalverdijk,kalverdijk,Schagen,Noord-Holland,
Kameren,kameren,Bernheze,Noord-Brabant,
Kamerik,kamerik,Woerden,Utrecht,1073
Kamp,kamp,Bergen,Limburg,
Kamp,kamp,Beekdaelen,Limburg,
Kampen,kampen,Hulst,Zeeland,
Kampen,kampen,Kampen,Overijssel,2894
Kampen,kampen,Súdwest-Fryslân,Fryslân,
Kampereiland,kampereiland,Kampen,Overijssel,
Kamperhoek,kamperhoek,Hulst,Zeeland,
Kamperland,kamperland,Noord-Beveland,Zeeland,3188
Kampersche Hoek,kampersche-hoek,Terneuzen,Zeeland,
Kampershoek,kampershoek,Nederweert,Limburg,
Kamperveen,kamperveen,Kampen,Overijssel,2900
Kamperzeedijk-Oost,kamperzeedijk-oost,Zwartewaterland,Overijssel,
Kamperzeedijk-West,kamperzeedijk-west,Zwartewaterland,Overijssel,
Kanis,kanis,Woerden,Utrecht,
Kantens,kantens,Het Hogeland,Groningen,3475
Kantje,kantje,Bernheze,Noord-Brabant,
Kapel,kapel,Heiloo,Noord-Holland,
Kapel,kapel,Lingewaard,Gelderland,
Kapel-Avezaath,kapel-avezaath,Buren,Gelderland,3377
Kapel-Avezaath,kapel-avezaath,Tiel,Gelderland,
“Kapel Avezaath”,kapel-avezaath,Tiel,Gelderland,2560
Kapeleind,kapeleind,Meierijstad,Noord-Brabant,
Kapelle,kapelle,Kapelle,Zeeland,1467
Kapelle,kapelle,Schouwen-Duiveland,Zeeland,
Kapellebrug,kapellebrug,Hulst,Zeeland,3090
Kapolder,kapolder,Gulpen-Wittem,Limburg,
Kappert,kappert,Leudal,Limburg,
Karreveld,karreveld,Leudal,Limburg,
Karstraat,karstraat,Laarbeek,Noord-Brabant,
Kasen,kasen,Meerssen,Limburg,
Kasteren,kasteren,Boxtel,Noord-Brabant,
Katerbosch,katerbosch,Mook en Middelaar,Limburg,
Katershorn,katershorn,Het Hogeland,Groningen,
Katerveer,katerveer,Zwolle,Overijssel,
Kathagen,kathagen,Beekdaelen,Limburg,
Katlijk,katlijk,Heerenveen,Fryslân,2192
Kats,kats,Noord-Beveland,Zeeland,3192
Katsberg,katsberg,Peel en Maas,Limburg,
Kattenberg,kattenberg,Oirschot,Noord-Brabant,
Kattendijke,kattendijke,Goes,Zeeland,1825
Katwijk,katwijk,Land van Cuijk,Noord-Brabant,
“Katwijk NB”,katwijk-nb,Land van Cuijk,Noord-Brabant,1452
Katwijk,katwijk,Katwijk,Zuid-Holland,1707
Katwijk aan den Rijn,katwijk-aan-den-rijn,Katwijk,Zuid-Holland,
Katwijk aan Zee,katwijk-aan-zee,Katwijk,Zuid-Holland,
Katwijkerlaan,katwijkerlaan,Pijnacker-Nootdorp,Zuid-Holland,
Katwoude,katwoude,Waterland,Noord-Holland,1942
Kaumeshoek,kaumeshoek,Peel en Maas,Limburg,
Kavelingen,kavelingen,Borger-Odoorn,Drenthe,
Kaweide,kaweide,Gemert-Bakel,Noord-Brabant,
Keatlingwier,keatlingwier,Noardeast-Fryslân,Fryslân,
Kedichem,kedichem,Vijfheerenlanden,Utrecht,2273
Keent,keent,Oss,Noord-Brabant,3264
Keent,keent,Weert,Limburg,
Keersop,keersop,Valkenswaard,Noord-Brabant,
Keiendorp,keiendorp,Hardenberg,Overijssel,
Keijenborg,keijenborg,Bronckhorst,Gelderland,1536
Keinsmerbrug,keinsmerbrug,Schagen,Noord-Holland,
Keizerrijk,keizerrijk,Hulst,Zeeland,
Keizersdijk,keizersdijk,Hoeksche Waard,Zuid-Holland,
Keizershoek,keizershoek,Baarle-Nassau,Noord-Brabant,
Keizersveer,keizersveer,Geertruidenberg,Noord-Brabant,
Keizersveer,keizersveer,Altena,Noord-Brabant,
Kekerdom,kekerdom,Berg en Dal,Gelderland,2875
Keldonk,keldonk,Meierijstad,Noord-Brabant,
Kelmond,kelmond,Beek,Limburg,
Kelpen,kelpen,Leudal,Limburg,
Kelpen-Oler,kelpen-oler,Leudal,Limburg,2951
Kerk-Avezaath,kerk-avezaath,Buren,Gelderland,3378
Kerk-Avezaath,kerk-avezaath,Tiel,Gelderland,
“Kerk Avezaath”,kerk-avezaath,Tiel,Gelderland,2561
Kerkbuurt,kerkbuurt,Schagen,Noord-Holland,
Kerkbuurt,kerkbuurt,Schiedam,Zuid-Holland,
Kerkdorp,kerkdorp,Oldebroek,Gelderland,
Kerkdriel,kerkdriel,Maasdriel,Gelderland,1629
Kerkeind,kerkeind,Deurne,Noord-Brabant,
Kerkeind,kerkeind,Oisterwijk,Noord-Brabant,
Kerkeind,kerkeind,Sint-Michielsgestel,Noord-Brabant,
Kerkeinde,kerkeinde,Altena,Noord-Brabant,
Kerkenveld,kerkenveld,De Wolden,Drenthe,3166
Kerkhof,kerkhof,Heeze-Leende,Noord-Brabant,
Kerklaan,kerklaan,Stichtse Vecht,Utrecht,
Kerkrade,kerkrade,Kerkrade,Limburg,2649
Kerkwerve,kerkwerve,Schouwen-Duiveland,Zeeland,2679
Kerkwijk,kerkwijk,Zaltbommel,Gelderland,2632
Keske,keske,Son en Breugel,Noord-Brabant,
Kessel,kessel,Oss,Noord-Brabant,
Kessel,kessel,Peel en Maas,Limburg,1699
Kesseleik,kesseleik,Peel en Maas,Limburg,
Kesteren,kesteren,Neder-Betuwe,Gelderland,1096
Ketelhaven,ketelhaven,Dronten,Flevoland,
Keulse Kamp,keulse-kamp,Overbetuwe,Gelderland,
Keunenhoek,keunenhoek,Cranendonck,Noord-Brabant,
Keuningswijk,keuningswijk,Westerkwartier,Groningen,
Keup,keup,Peel en Maas,Limburg,
Keutenberg,keutenberg,Valkenburg aan de Geul,Limburg,
Keuter,keuter,Horst aan de Maas,Limburg,
Kibbelgaarn,kibbelgaarn,Veendam,Groningen,
Kibbelveen,kibbelveen,Coevorden,Drenthe,
Kie,kie,Waadhoeke,Fryslân,
Kiel-Windeweer,kiel-windeweer,Midden-Groningen,Groningen,1019
Kiesterzijl,kiesterzijl,Waadhoeke,Fryslân,
Kievitsdel,kievitsdel,Renkum,Gelderland,
Kievitshaar,kievitshaar,Hardenberg,Overijssel,
Kievitsnest,kievitsnest,Zwartewaterland,Overijssel,
Kievitswaard,kievitswaard,Altena,Noord-Brabant,
Kijfhoek,kijfhoek,Zwijndrecht,Zuid-Holland,
Kijfwaard,kijfwaard,Zevenaar,Gelderland,
Kijkuit,kijkuit,Bergen op Zoom,Noord-Brabant,
Kijkuit,kijkuit,Terneuzen,Zeeland,
Kilder,kilder,Montferland,Gelderland,2207
Kille,kille,Altena,Noord-Brabant,
Kimswerd,kimswerd,Súdwest-Fryslân,Fryslân,2314
Kinderbos,kinderbos,Boxtel,Noord-Brabant,
Kinderdijk,kinderdijk,Molenlanden,Zuid-Holland,2794
Kingmatille,kingmatille,Waadhoeke,Fryslân,
Kinkhoven,kinkhoven,Leudal,Limburg,
Kinnum,kinnum,Terschelling,Fryslân,2624
Kippereind,kippereind,Reusel-De Mierden,Noord-Brabant,
Kivitsbraak,kivitsbraak,Gemert-Bakel,Noord-Brabant,
Klaarstraat,klaarstraat,Nederweert,Limburg,
Klaaswaal,klaaswaal,Hoeksche Waard,Zuid-Holland,2371
Kladde,kladde,Bergen op Zoom,Noord-Brabant,
Klarenbeek,klarenbeek,Apeldoorn,Gelderland,2248
Klarenbeek,klarenbeek,Voorst,Gelderland,2606
Klatering,klatering,Midden-Drenthe,Drenthe,
Klazienaveen,klazienaveen,Emmen,Drenthe,1991
Klazienaveen-Noord,klazienaveen-noord,Emmen,Drenthe,1992
Kleeberg,kleeberg,Gulpen-Wittem,Limburg,
Klef,klef,Gemert-Bakel,Noord-Brabant,
Klei,klei,Het Hogeland,Groningen,
Klein Agelo,klein-agelo,Dinkelland,Overijssel,
Klein Amsterdam,klein-amsterdam,Voorst,Gelderland,
Klein Baal,klein-baal,Lingewaard,Gelderland,
Klein Bruggen,klein-bruggen,Deurne,Noord-Brabant,
Klein Genhout,klein-genhout,Beek,Limburg,
Klein Groningen,klein-groningen,Opsterland,Fryslân,
Klein Haasdal (?),klein-haasdal-,Beekdaelen,Limburg,
Klein Hanssum,klein-hanssum,Leudal,Limburg,
Klein Hitland,klein-hitland,Zuidplas,Zuid-Holland,
Klein Leger,klein-leger,Eemsdelta,Groningen,
Klein Loo,klein-loo,Hilvarenbeek,Noord-Brabant,
Klein Mariekerke,klein-mariekerke,Veere,Zeeland,
Klein Wetsinge,klein-wetsinge,Het Hogeland,Groningen,
Klein(-)Dochteren,klein-dochteren,Lochem,Gelderland,
Klein-Azewijn,klein-azewijn,Montferland,Gelderland,
Klein-Bedaf,klein-bedaf,Baarle-Nassau,Noord-Brabant,
Kleinder-Liempde,kleinder-liempde,Boxtel,Noord-Brabant,
Klein-Doenrade,klein-doenrade,Beekdaelen,Limburg,
Klein-Dongen,klein-dongen,Dongen,Noord-Brabant,
Kleindorp,kleindorp,Doetinchem,Gelderland,
Kleindorp,kleindorp,Venray,Limburg,
Kleine Bottel,kleine-bottel,Deurne,Noord-Brabant,
Kleine Gaastmeer,kleine-gaastmeer,Súdwest-Fryslân,Fryslân,
Kleine Horst,kleine-horst,Bergen,Limburg,
Kleine Huisjes,kleine-huisjes,Het Hogeland,Groningen,
Kleine Koolwijk,kleine-koolwijk,Oss,Noord-Brabant,
Kleine Meers,kleine-meers,Stein,Limburg,
Kleine Sluis,kleine-sluis,Hollands Kroon,Noord-Holland,
Kleine Voort,kleine-voort,Hilvarenbeek,Noord-Brabant,
Kleine Wiske,kleine-wiske,Súdwest-Fryslân,Fryslân,
Kleine-Lindt,kleine-lindt,Zwijndrecht,Zuid-Holland,
Kleinemeer,kleinemeer,Midden-Groningen,Groningen,
Klein-Garnwerd,klein-garnwerd,Het Hogeland,Groningen,
Kleingenhout,kleingenhout,Beekdaelen,Limburg,
Klein-Oekel,klein-oekel,Zundert,Noord-Brabant,
Klein-Oirlo,klein-oirlo,Venray,Limburg,
Klein-Schoot,klein-schoot,Cranendonck,Noord-Brabant,
Klein-Ulsda,klein-ulsda,Westerwolde,Groningen,
Klein-Valkenisse,klein-valkenisse,Veere,Zeeland,
Klein-Vortum,klein-vortum,Land van Cuijk,Noord-Brabant,
Klein-Welsden,klein-welsden,Eijsden-Margraten,Limburg,
Klein Zundert,klein-zundert,Zundert,Noord-Brabant,3492
Kletterbuorren,kletterbuorren,Noardeast-Fryslân,Fryslân,
Kleverskerke,kleverskerke,Middelburg,Zeeland,
Klijndijk,klijndijk,Borger-Odoorn,Drenthe,1796
Klimmen,klimmen,Voerendaal,Limburg,1853
Klinkenberg,klinkenberg,Buren,Gelderland,
Klispoel,klispoel,Wijchen,Gelderland,
Kloetinge,kloetinge,Goes,Zeeland,1826
Kloetinge,kloetinge,Kapelle,Zeeland,1468
Klooster,klooster,Alphen-Chaam,Noord-Brabant,
Klooster,klooster,Coevorden,Drenthe,
Klooster Lidlum,klooster-lidlum,Waadhoeke,Fryslân,1376
Kloosterburen,kloosterburen,Het Hogeland,Groningen,3418
Kloostereind,kloostereind,Helmond,Noord-Brabant,
Kloosterhaar,kloosterhaar,Hardenberg,Overijssel,1555
Kloosterhaar,kloosterhaar,Twenterand,Overijssel,3323
Kloosterveen,kloosterveen,Assen,Drenthe,
Kloosterzande,kloosterzande,Hulst,Zeeland,3100
Klössehoek,klssehoek,Tubbergen,Overijssel,
Klundert,klundert,Moerdijk,Noord-Brabant,1319
Klutsdorp,klutsdorp,Bergen op Zoom,Noord-Brabant,
Knaphof,knaphof,Borsele,Zeeland,
Knegsel,knegsel,Eersel,Noord-Brabant,2994
Knikkerdorp,knikkerdorp,Bergen,Limburg,
Knuitershoek,knuitershoek,Hulst,Zeeland,
Koarnjum,koarnjum,Leeuwarden,Fryslân,3229
Kockengen,kockengen,Stichtse Vecht,Utrecht,1393
Koedijk,koedijk,Alkmaar,Noord-Holland,2349
Koedijk,koedijk,Dijk en Waard,Noord-Holland,1120
Koedood,koedood,Albrandswaard,Zuid-Holland,
Koehool,koehool,Waadhoeke,Fryslân,
Koekange,koekange,De Wolden,Drenthe,3167
Koekangerveld,koekangerveld,De Wolden,Drenthe,
Koekoek,koekoek,Bergen,Limburg,
Koekoek,koekoek,Borsele,Zeeland,
Koelveen,koelveen,Emmen,Drenthe,
Koevering,koevering,Meierijstad,Noord-Brabant,
Koevering,koevering,Steenbergen,Noord-Brabant,
Koewacht,koewacht,Terneuzen,Zeeland,1131
Kokkelert,kokkelert,Echt-Susteren,Limburg,
Kolderveen,kolderveen,Meppel,Drenthe,
Kolderveense Bovenboer,kolderveense-bovenboer,Meppel,Drenthe,
Kolderwolde,kolderwolde,De Fryske Marren,Fryslân,1677
Kolham,kolham,Midden-Groningen,Groningen,1351
Kolhol,kolhol,Eemsdelta,Groningen,
Kolhorn,kolhorn,Hollands Kroon,Noord-Holland,2516
Kollum,kollum,Noardeast-Fryslân,Fryslân,3309
Kollumeroudzijl,kollumeroudzijl,Noardeast-Fryslân,Fryslân,
Kollumerpomp,kollumerpomp,Noardeast-Fryslân,Fryslân,3310
Kollumersweach,kollumersweach,Noardeast-Fryslân,Fryslân,3311
Kolthoorn,kolthoorn,Heerde,Gelderland,
Kommerdijk,kommerdijk,Lingewaard,Gelderland,
Kommerzijl,kommerzijl,Westerkwartier,Groningen,2119
Koninginnehaven,koninginnehaven,Terneuzen,Zeeland,
Koningsbosch,koningsbosch,Echt-Susteren,Limburg,2042
Koningslust,koningslust,Peel en Maas,Limburg,3442
Koningsoord,koningsoord,Het Hogeland,Groningen,
Koog aan de Zaan,koog-aan-de-zaan,Zaanstad,Noord-Holland,1879
Kooihuizen,kooihuizen,Súdwest-Fryslân,Fryslân,
Kooiwijk,kooiwijk,Molenlanden,Zuid-Holland,
Kooldert,kooldert,Maashorst,Noord-Brabant,
Koolwijk,koolwijk,Krimpenerwaard,Zuid-Holland,
Koolwijk,koolwijk,Oss,Noord-Brabant,
Kootstertille,kootstertille,Achtkarspelen,Fryslân,3179
Kootwijk,kootwijk,Barneveld,Gelderland,1062
Kootwijkerbroek,kootwijkerbroek,Barneveld,Gelderland,1056
Kop van 't Land,kop-van-t-land,Dordrecht,Zuid-Holland,
Kopaf,kopaf,Eemsdelta,Groningen,
Kopstukken,kopstukken,Stadskanaal,Groningen,
Korengarst,korengarst,Midden-Groningen,Groningen,
Korengarst,korengarst,Midden-Groningen,Groningen,
Korhorn,korhorn,Westerkwartier,Groningen,
Korn,korn,Altena,Noord-Brabant,
Kornhorn,kornhorn,Westerkwartier,Groningen,2176
Kornwerderzand,kornwerderzand,Súdwest-Fryslân,Fryslân,
Kornwerderzand,kornwerderzand,Súdwest-Fryslân,Fryslân,2315
Korte Akkers,korte-akkers,Veendam,Groningen,
Korte Heide,korte-heide,Peel en Maas,Limburg,
Kortehemmen,kortehemmen,Smallingerland,Fryslân,3283
Kortenhoef,kortenhoef,Wijdemeren,Noord-Holland,3526
Kortenhoeven,kortenhoeven,Vijfheerenlanden,Utrecht,
Kortenoord,kortenoord,Zuidplas,Zuid-Holland,
Korteraar,korteraar,Nieuwkoop,Zuid-Holland,
Korteven,korteven,Woensdrecht,Noord-Brabant,
Kortezwaag,kortezwaag,Opsterland,Fryslân,
Kortgene,kortgene,Noord-Beveland,Zeeland,3189
Kortgerecht,kortgerecht,Vijfheerenlanden,Utrecht,
Kortland,kortland,Alblasserdam,Zuid-Holland,
Kortrijk,kortrijk,Stichtse Vecht,Utrecht,
Kortwoude,kortwoude,Achtkarspelen,Fryslân,
Kosberg,kosberg,Gulpen-Wittem,Limburg,
Kostverloren,kostverloren,Oldambt,Groningen,
Kostvlies,kostvlies,Aa en Hunze,Drenthe,
Koudehoek,koudehoek,Westerwolde,Groningen,
Koudehuizum,koudehuizum,Súdwest-Fryslân,Fryslân,
Koudekerk aan den Rijn,koudekerk-aan-den-rijn,Alphen aan den Rijn,Zuid-Holland,2850
Koudekerke,koudekerke,Veere,Zeeland,2779
Koudenhoek,koudenhoek,Nijmegen,Gelderland,
Koudhoorn,koudhoorn,Putten,Gelderland,
Koudum,koudum,Súdwest-Fryslân,Fryslân,1966
Koufurderrige,koufurderrige,Súdwest-Fryslân,Fryslân,2413
Koulen,koulen,Voerendaal,Limburg,
Kouwenberg,kouwenberg,Tilburg,Noord-Brabant,
Kraan,kraan,Nederweert,Limburg,
Kraanmeer,kraanmeer,Meierijstad,Noord-Brabant,
Kraanven,kraanven,Loon op Zand,Noord-Brabant,
Krab(be)buren (?),krabbeburen-,Noardeast-Fryslân,Fryslân,
Krabbendam,krabbendam,Schagen,Noord-Holland,
Krabbendijke,krabbendijke,Reimerswaal,Zeeland,3462
Krabbenhoek,krabbenhoek,Hulst,Zeeland,
Krachtighuizen,krachtighuizen,Putten,Gelderland,
Kraggenburg,kraggenburg,Noordoostpolder,Flevoland,1275
Kraloo,kraloo,De Wolden,Drenthe,
Kraloo,kraloo,De Wolden,Drenthe,
Kranenbroek,kranenbroek,Helmond,Noord-Brabant,
Kranenburg,kranenburg,Bronckhorst,Gelderland,
Kranendijk,kranendijk,Goeree-Overflakkee,Zuid-Holland,
Krassum,krassum,Westerkwartier,Groningen,
Kreek,kreek,Moerdijk,Noord-Brabant,
Kreielt,kreielt,Eersel,Noord-Brabant,
Kreijel,kreijel,Nederweert,Limburg,
Kreijl,kreijl,Heeze-Leende,Noord-Brabant,
Kreileroord,kreileroord,Hollands Kroon,Noord-Holland,2433
Kreitsberg,kreitsberg,Maashorst,Noord-Brabant,
Kremsel (?),kremsel-,Meierijstad,Noord-Brabant,
Kreverhille,kreverhille,Hulst,Zeeland,
Krewerd,krewerd,Eemsdelta,Groningen,3238
Krimpen aan de Lek,krimpen-aan-de-lek,Krimpenerwaard,Zuid-Holland,2375
Krimpen aan den IJssel,krimpen-aan-den-ijssel,Krimpen aan den IJssel,Zuid-Holland,1144
Kring van Dorth,kring-van-dorth,Lochem,Gelderland,1341
Krolhoek,krolhoek,Land van Cuijk,Noord-Brabant,
Kromme Mijdrecht,kromme-mijdrecht,De Ronde Venen,Utrecht,
Kromme(-)Elleboog,kromme-elleboog,Oldambt,Groningen,
Krommenhoeke,krommenhoeke,Veere,Zeeland,
Krommenie,krommenie,Zaanstad,Noord-Holland,1880
Kromwijk,kromwijk,Woerden,Utrecht,
Kronenberg,kronenberg,Horst aan de Maas,Limburg,1516
Kropswolde,kropswolde,Midden-Groningen,Groningen,1020
Kruiningen,kruiningen,Reimerswaal,Zeeland,3463
Kruiningergors,kruiningergors,Voorne aan Zee,Zuid-Holland,
Kruisberg,kruisberg,Peel en Maas,Limburg,
Kruisdijk,kruisdijk,Sluis,Zeeland,
Kruisdorp,kruisdorp,Hulst,Zeeland,
Kruiselwerk,kruiselwerk,Pekela,Groningen,
Kruishaar,kruishaar,Nijkerk,Gelderland,
Kruisland,kruisland,Steenbergen,Noord-Brabant,1403
Kruispolderhaven,kruispolderhaven,Hulst,Zeeland,
Kruispunt,kruispunt,Land van Cuijk,Noord-Brabant,
Kruisstraat,kruisstraat,Halderberge,Noord-Brabant,
Kruisstraat,kruisstraat,Roosendaal,Noord-Brabant,
Kruisstraat,kruisstraat,'s-Hertogenbosch,Noord-Brabant,
Kruisstraat,kruisstraat,'s-Hertogenbosch,Noord-Brabant,
Kruisweg,kruisweg,Het Hogeland,Groningen,
Kruisweg,kruisweg,Lansingerland,Zuid-Holland,
Kûbaard,kbaard,Súdwest-Fryslân,Fryslân,2024
Kudelstaart,kudelstaart,Aalsmeer,Noord-Holland,2572
Kuikhorne,kuikhorne,Achtkarspelen,Fryslân,
Kuiksche Heide,kuiksche-heide,Heusden,Noord-Brabant,
Kuikseind,kuikseind,Oirschot,Noord-Brabant,
Kuilenrode,kuilenrode,Reusel-De Mierden,Noord-Brabant,
Kuinre,kuinre,Steenwijkerland,Overijssel,2704
Kuipersveer,kuipersveer,Hoeksche Waard,Zuid-Holland,
Kuitaart,kuitaart,Hulst,Zeeland,3097
Kuivezand,kuivezand,Halderberge,Noord-Brabant,
Kûkherne,kkherne,Dantumadiel,Fryslân,
Kulert,kulert,Deurne,Noord-Brabant,
Kulsdom,kulsdom,Berkelland,Gelderland,
Kunrade,kunrade,Voerendaal,Limburg,
Kuttingen,kuttingen,Gulpen-Wittem,Limburg,
Kuundert,kuundert,Gemert-Bakel,Noord-Brabant,
Kuzemer,kuzemer,Westerkwartier,Groningen,
Kuzemerbalk,kuzemerbalk,Westerkwartier,Groningen,
Kwaalburg,kwaalburg,Alphen-Chaam,Noord-Brabant,
Kwadendamme,kwadendamme,Borsele,Zeeland,1257
Kwadijk,kwadijk,Edam-Volendam,Noord-Holland,1839
Kwakkel,kwakkel,Terneuzen,Zeeland,
Kwartier,kwartier,Moerdijk,Noord-Brabant,
Kwartier,kwartier,Zevenaar,Gelderland,
Kwintsheul,kwintsheul,Westland,Zuid-Holland,2657
Laag Spul,laag-spul,Hilvarenbeek,Noord-Brabant,
Laag Zuthem,laag-zuthem,Raalte,Overijssel,1495
Laag-Caestert,laag-caestert,Eijsden-Margraten,Limburg,
Laagduurswoude,laagduurswoude,Ooststellingwerf,Fryslân,
Laageind,laageind,Land van Cuijk,Noord-Brabant,
Laaghalen,laaghalen,Midden-Drenthe,Drenthe,
Laaghalerveen,laaghalerveen,Midden-Drenthe,Drenthe,
Laagheide,laagheide,Peel en Maas,Limburg,
Laag-Heukelom,laag-heukelom,Oisterwijk,Noord-Brabant,
Laag-Keppel,laag-keppel,Bronckhorst,Gelderland,1522
Laagnieuwkoop,laagnieuwkoop,Stichtse Vecht,Utrecht,
Laagriebroek,laagriebroek,Venray,Limburg,
Laag-Soeren,laag-soeren,Rheden,Gelderland,1506
Laagstraat,laagstraat,Dongen,Noord-Brabant,
Laagstraat,laagstraat,Oosterhout,Noord-Brabant,
Laak,laak,Wijchen,Gelderland,
Laar,laar,Cranendonck,Noord-Brabant,
Laar,laar,Vught,Noord-Brabant,
Laar,laar,"Nuenen, Gerwen en Nederwetten",Noord-Brabant,
Laar,laar,Beekdaelen,Limburg,
Laar,laar,Peel en Maas,Limburg,
Laar,laar,Sint-Michielsgestel,Noord-Brabant,
Laar,laar,Weert,Limburg,
Laarbroek,laarbroek,Asten,Noord-Brabant,
Laareind,laareind,Rhenen,Utrecht,
Laarstraat,laarstraat,Epe,Gelderland,
Laaxum,laaxum,Súdwest-Fryslân,Fryslân,
Lage Aard,lage-aard,Breda,Noord-Brabant,
Lage Berkt,lage-berkt,Bergeijk,Noord-Brabant,
Lage Bijssel,lage-bijssel,Elburg,Gelderland,
Lageland GN,lageland-gn,Groningen,Groningen,3636
Lage Mierde,lage-mierde,Reusel-De Mierden,Noord-Brabant,1876
Lageweg,lageweg,Krimpenerwaard,Zuid-Holland,
Lage Wijst,lage-wijst,Bernheze,Noord-Brabant,
Lage Zwaluwe,lage-zwaluwe,Drimmelen,Noord-Brabant,2576
Lagebiezen,lagebiezen,Meierijstad,Noord-Brabant,
Lagebroek,lagebroek,Woerden,Utrecht,
Lagekant,lagekant,Oss,Noord-Brabant,
Lageland,lageland,Midden-Groningen,Groningen,1352
Lageland,lageland,Groningen,Groningen,
“Lageland GN”,lageland-gn,Groningen,Groningen,3636
Lagenheuvel,lagenheuvel,Maashorst,Noord-Brabant,
Lage Vuursche,lage-vuursche,Baarn,Utrecht,1093
Lageweg,lageweg,Groningen,Groningen,
l'Air Pur,lair-pur,Baarle-Nassau,Noord-Brabant,
Lakei,lakei,Bergen,Limburg,
Lakerveld,lakerveld,Vijfheerenlanden,Utrecht,
Lalleweer,lalleweer,Eemsdelta,Groningen,
Lambertschaag,lambertschaag,Medemblik,Noord-Holland,3150
Lammerburen,lammerburen,Westerkwartier,Groningen,
Lammerweg,lammerweg,Westerwolde,Groningen,
Lamperen,lamperen,Land van Cuijk,Noord-Brabant,
Lamswaarde,lamswaarde,Hulst,Zeeland,3099
Land van Kleef,land-van-kleef,Loon op Zand,Noord-Brabant,
Landerum,landerum,Terschelling,Fryslân,2618
Landgraaf,landgraaf,Landgraaf,Limburg,3055
Landhorst,landhorst,Land van Cuijk,Noord-Brabant,2080
Landorp,landorp,Bladel,Noord-Brabant,
Landsmeer,landsmeer,Landsmeer,Noord-Holland,1328
Landsrade,landsrade,Gulpen-Wittem,Limburg,
Lang Hout,lang-hout,Peel en Maas,Limburg,
Langbroek,langbroek,Wijk bij Duurstede,Utrecht,1303
Lange Heide,lange-heide,Peel en Maas,Limburg,
Lange Linschoten,lange-linschoten,Oudewater,Utrecht,
Langedijke(n),langedijken,Ooststellingwerf,Fryslân,1759
Langelille,langelille,Weststellingwerf,Fryslân,1724
Langelo,langelo,Haaksbergen,Overijssel,
Langelo,langelo,Noordenveld,Drenthe,1638
Langenberg,langenberg,Boxtel,Noord-Brabant,
Langenboom,langenboom,Land van Cuijk,Noord-Brabant,1978
Langendijk,langendijk,Rucphen,Noord-Brabant,
Langendijk,langendijk,Rucphen,Noord-Brabant,
Langenholte,langenholte,Zwolle,Overijssel,
Langeraar,langeraar,Nieuwkoop,Zuid-Holland,
Langerak,langerak,Coevorden,Drenthe,
Langerak,langerak,Doetinchem,Gelderland,
Langerak,langerak,Molenlanden,Zuid-Holland,1808
Langereit,langereit,Gilze en Rijen,Noord-Brabant,
Langeschouw,langeschouw,Rucphen,Noord-Brabant,
Langeveen,langeveen,Tubbergen,Overijssel,1289
Langeweegje,langeweegje,Borsele,Zeeland,
Langeweg,langeweg,Moerdijk,Noord-Brabant,1326
Langeweide,langeweide,Bodegraven-Reeuwijk,Zuid-Holland,
Langezwaag,langezwaag,Opsterland,Fryslân,3349
Langlaar,langlaar,"Nuenen, Gerwen en Nederwetten",Noord-Brabant,
(De) Langstraat (?),de-langstraat-,Goeree-Overflakkee,Zuid-Holland,
Langstraat,langstraat,Peel en Maas,Limburg,
Langweer,langweer,De Fryske Marren,Fryslân,2494
Lankes,lankes,Maashorst,Noord-Brabant,
Lankhorst,lankhorst,Staphorst,Overijssel,
Laren,laren,Laren,Noord-Holland,2890
Laren,laren,Lochem,Gelderland,1342
(De) Laren (?),de-laren-,Meierijstad,Noord-Brabant,
Laskwerd,laskwerd,Eemsdelta,Groningen,
Lathum,lathum,Zevenaar,Gelderland,1301
Lattrop,lattrop,Dinkelland,Overijssel,
Lattrop-Breklenkamp,lattrop-breklenkamp,Dinkelland,Overijssel,1410
Laude,laude,Westerwolde,Groningen,
Laudermarke,laudermarke,Westerwolde,Groningen,
Lauderzwarteveen,lauderzwarteveen,Westerwolde,Groningen,
Lauwersoog,lauwersoog,Het Hogeland,Groningen,3419
Lauwerzijl,lauwerzijl,Westerkwartier,Groningen,2120
Lede en Oudewaard,lede-en-oudewaard,Neder-Betuwe,Gelderland,
Ledeacker,ledeacker,Land van Cuijk,Noord-Brabant,2081
Leegkerk,leegkerk,Groningen,Groningen,
Leegte,leegte,Noardeast-Fryslân,Fryslân,
Leek,leek,Westerkwartier,Groningen,2341
Leemberg,leemberg,Woensdrecht,Noord-Brabant,
Leemdobben,leemdobben,Westerwolde,Groningen,
Leemhorst,leemhorst,Venlo,Limburg,
Leende,leende,Heeze-Leende,Noord-Brabant,1315
Leenderstrijp,leenderstrijp,Heeze-Leende,Noord-Brabant,
Leens,leens,Het Hogeland,Groningen,3420
Leensel,leensel,Deurne,Noord-Brabant,
Leerbroek,leerbroek,Vijfheerenlanden,Utrecht,2110
Leerdam,leerdam,Vijfheerenlanden,Utrecht,2271
Leermens,leermens,Eemsdelta,Groningen,3448
Leersum,leersum,Utrechtse Heuvelrug,Utrecht,3587
Leeuw,leeuw,Beekdaelen,Limburg,
Leeuwarden,leeuwarden,Leeuwarden,Fryslân,3615
Leeuwerik,leeuwerik,Peel en Maas,Limburg,
Leeuwte,leeuwte,De Wolden,Drenthe,
Leeuwte,leeuwte,Steenwijkerland,Overijssel,
Leg,leg,Alphen-Chaam,Noord-Brabant,
Legemeer,legemeer,De Fryske Marren,Fryslân,2495
Legert,legert,Horst aan de Maas,Limburg,
Leggeloo,leggeloo,Westerveld,Drenthe,
Leiden,leiden,Leiden,Zuid-Holland,2088
Leiderdorp,leiderdorp,Leiderdorp,Zuid-Holland,2112
Leidschendam,leidschendam,Leidschendam-Voorburg,Zuid-Holland,1621
Leimuiden,leimuiden,Kaag en Braassem,Zuid-Holland,3541
Leimuiderbrug,leimuiderbrug,Haarlemmermeer,Noord-Holland,1605
Lekermeer,lekermeer,Medemblik,Noord-Holland,
Lekkerkerk,lekkerkerk,Krimpenerwaard,Zuid-Holland,2376
Lekkum,lekkum,Leeuwarden,Fryslân,1198
Lellens,lellens,Groningen,Groningen,1835
Lelystad,lelystad,Lelystad,Flevoland,1051
Lemel,lemel,Bladel,Noord-Brabant,
Lemele,lemele,Ommen,Overijssel,2552
Lemelerveld,lemelerveld,Dalfsen,Overijssel,1238
Lemiers,lemiers,Vaals,Limburg,1430
Lemmer,lemmer,De Fryske Marren,Fryslân,2245
Lemselo,lemselo,Dinkelland,Overijssel,
Lengel,lengel,Montferland,Gelderland,2208
Lennisheuvel,lennisheuvel,Boxtel,Noord-Brabant,
Lent,lent,Nijmegen,Gelderland,2545
Lenthe,lenthe,Dalfsen,Overijssel,
Leons,leons,Leeuwarden,Fryslân,2025
Lepelstraat,lepelstraat,Bergen op Zoom,Noord-Brabant,1939
Lerop,lerop,Roerdalen,Limburg,
Lettelbert,lettelbert,Westerkwartier,Groningen,2342
Lettele,lettele,Deventer,Overijssel,2858
Leunen,leunen,Venray,Limburg,2330
Leur,leur,Wijchen,Gelderland,2567
Leusden,leusden,Leusden,Utrecht,2638
Leusden-Zuid,leusden-zuid,Leusden,Utrecht,
Leutes,leutes,Buren,Gelderland,
Leutes,leutes,Neder-Betuwe,Gelderland,
Leuth,leuth,Berg en Dal,Gelderland,2876
Leutingewolde,leutingewolde,Noordenveld,Drenthe,1639
Leuven,leuven,West Betuwe,Gelderland,
Leuvenheim,leuvenheim,Brummen,Gelderland,1112
Leuvenum,leuvenum,Ermelo,Gelderland,
Leveroijse Bergen,leveroijse-bergen,Leudal,Limburg,
Leveroy,leveroy,Nederweert,Limburg,2040
Lewedorp,lewedorp,Borsele,Zeeland,1258
Lexmond,lexmond,Vijfheerenlanden,Utrecht,2105
Lhee,lhee,Westerveld,Drenthe,
Lheebroek,lheebroek,Westerveld,Drenthe,
Libeek,libeek,Eijsden-Margraten,Limburg,
Lichtaard,lichtaard,Noardeast-Fryslân,Fryslân,3207
Lichtenvoorde,lichtenvoorde,Oost Gelre,Gelderland,2227
Lichtmis,lichtmis,Zwolle,Overijssel,
Liefkenshoek,liefkenshoek,Baarle-Nassau,Noord-Brabant,
Liempde,liempde,Boxtel,Noord-Brabant,2440
Lienden,lienden,Buren,Gelderland,3379
Lienden,lienden,Wijchen,Gelderland,
Lierderholthuis,lierderholthuis,Raalte,Overijssel,1496
Lieren,lieren,Apeldoorn,Gelderland,2250
Lierhand,lierhand,Westland,Zuid-Holland,
Lierop,lierop,Someren,Noord-Brabant,2746
Lies,lies,Breda,Noord-Brabant,
Lies,lies,Terschelling,Fryslân,2616
Lieseind,lieseind,Meierijstad,Noord-Brabant,
Lieshout,lieshout,Laarbeek,Noord-Brabant,1447
Liessel,liessel,Deurne,Noord-Brabant,1776
Lieveld,lieveld,Oirschot,Noord-Brabant,
Lievelde,lievelde,Oost Gelre,Gelderland,2225
Lieveren,lieveren,Noordenveld,Drenthe,1640
Lieving,lieving,Midden-Drenthe,Drenthe,
Ligtenberg,ligtenberg,Rijssen-Holten,Overijssel,
Lijnden,lijnden,Haarlemmermeer,Noord-Holland,1616
Lijnden,lijnden,Overbetuwe,Gelderland,
Lijndonk,lijndonk,Breda,Noord-Brabant,
Lijtshuizen,lijtshuizen,Súdwest-Fryslân,Fryslân,
Limbricht,limbricht,Sittard-Geleen,Limburg,2815
Limmen,limmen,Castricum,Noord-Holland,2270
Linde,linde,Bronckhorst,Gelderland,
Linde,linde,De Wolden,Drenthe,3168
Linde,linde,Deventer,Overijssel,
Linde,linde,Twenterand,Overijssel,
Linden,linden,Land van Cuijk,Noord-Brabant,1453
Lingsfort,lingsfort,Venlo,Limburg,
Linne,linne,Maasgouw,Limburg,1921
Linschoten,linschoten,Montfoort,Utrecht,1963
Lintelo,lintelo,Aalten,Gelderland,
Lintvelde,lintvelde,Berkelland,Gelderland,
Lippenhuizen,lippenhuizen,Opsterland,Fryslân,3350
Lippenwoude,lippenwoude,Súdwest-Fryslân,Fryslân,
Lisse,lisse,Lisse,Zuid-Holland,1466
Lisserbroek,lisserbroek,Haarlemmermeer,Noord-Holland,1609
Lith,lith,Oss,Noord-Brabant,3468
Lithoijen,lithoijen,Oss,Noord-Brabant,3469
Ljussens,ljussens,Noardeast-Fryslân,Fryslân,3401
Lobith,lobith,Zevenaar,Gelderland,2978
Lochem,lochem,Lochem,Gelderland,1343
Locht,locht,Cranendonck,Noord-Brabant,
Lochuizen,lochuizen,Berkelland,Gelderland,
Loenen,loenen,Apeldoorn,Gelderland,2251
Loenen,loenen,Overbetuwe,Gelderland,
Loenen aan de Vecht,loenen-aan-de-vecht,Stichtse Vecht,Utrecht,2219
Loenersloot,loenersloot,Stichtse Vecht,Utrecht,2220
Loënga,longa,Súdwest-Fryslân,Fryslân,3505
Loerbeek,loerbeek,Montferland,Gelderland,2209
Loeswijk,loeswijk,Geldrop-Mierlo,Noord-Brabant,
Loete,loete,Alphen aan den Rijn,Zuid-Holland,
Loil,loil,Montferland,Gelderland,
Lollum,lollum,Súdwest-Fryslân,Fryslân,2316
Lomm,lomm,Venlo,Limburg,3141
Longerhouw,longerhouw,Súdwest-Fryslân,Fryslân,2317
Lonneker,lonneker,Enschede,Overijssel,
Loo,loo,Bergeijk,Noord-Brabant,
Loo,loo,Berkelland,Gelderland,
Loo,loo,Duiven,Gelderland,
“Loo Gld”,loo-gld,Duiven,Gelderland,2098
Loo,loo,Lingewaard,Gelderland,
“Loo Gld”,loo-gld,Lingewaard,Gelderland,3135
Loo,loo,Bernheze,Noord-Brabant,
Loo,loo,Deventer,Overijssel,
Loo,loo,Peel en Maas,Limburg,
Loo,loo,Maashorst,Noord-Brabant,
Loobeek,loobeek,Venray,Limburg,
Loobrink,loobrink,Epe,Gelderland,
Looieind,looieind,Meierijstad,Noord-Brabant,
Looienhoek,looienhoek,Goirle,Noord-Brabant,
Looiwinkel,looiwinkel,Beek,Limburg,
Look,look,Rijssen-Holten,Overijssel,
Loon,loon,Assen,Drenthe,2392
Loon,loon,Waalre,Noord-Brabant,
Loon op Zand,loon-op-zand,Loon op Zand,Noord-Brabant,3053
Looneind,looneind,Alphen-Chaam,Noord-Brabant,
Loons Hoekje,loons-hoekje,Loon op Zand,Noord-Brabant,
Loonse Hoek,loonse-hoek,Tilburg,Noord-Brabant,
Looperskapelle,looperskapelle,Schouwen-Duiveland,Zeeland,
Loosbroek,loosbroek,Bernheze,Noord-Brabant,3061
Loosdorp,loosdorp,Vijfheerenlanden,Utrecht,
Loosdrecht,loosdrecht,Wijdemeren,Noord-Holland,3537
Looveer,looveer,Lingewaard,Gelderland,
Loozen,loozen,Hardenberg,Overijssel,1556
Lopik,lopik,Lopik,Utrecht,1960
Lopikerkapel,lopikerkapel,Lopik,Utrecht,1961
Loppersum,loppersum,Eemsdelta,Groningen,3449
Losdorp,losdorp,Eemsdelta,Groningen,3239
Losser,losser,Losser,Overijssel,1713
Lottum,lottum,Horst aan de Maas,Limburg,1033
Lovendaal,lovendaal,Horst aan de Maas,Limburg,
Loveren,loveren,Baarle-Nassau,Noord-Brabant,
Loveren,loveren,Bergeijk,Noord-Brabant,
Loveren,loveren,Vught,Noord-Brabant,
Lubbinge,lubbinge,De Wolden,Drenthe,
Lucaswolde,lucaswolde,Westerkwartier,Groningen,2262
Luchen,luchen,Geldrop-Mierlo,Noord-Brabant,
Luchtenburg,luchtenburg,Buren,Gelderland,
Luchtenveld,luchtenveld,Smallingerland,Fryslân,
Luddeweer,luddeweer,Midden-Groningen,Groningen,1353
Luinjeberd,luinjeberd,Heerenveen,Fryslân,2183
Luissel,luissel,Boxtel,Noord-Brabant,
Luitert,luitert,Zundert,Noord-Brabant,
Lula,lula,Midden-Groningen,Groningen,
Lunen,lunen,Wijchen,Gelderland,
Lunssloten,lunssloten,De Wolden,Drenthe,
Lunteren,lunteren,Ede,Gelderland,2765
Luntershoek,luntershoek,Hulst,Zeeland,
Lutjebroek,lutjebroek,Stede Broec,Noord-Holland,1104
Lutjegast,lutjegast,Westerkwartier,Groningen,2177
Lutjelollum,lutjelollum,Waadhoeke,Fryslân,
Lutjerijp,lutjerijp,Eemsdelta,Groningen,
Lutjewijtwerd,lutjewijtwerd,Eemsdelta,Groningen,
Lutjewinkel,lutjewinkel,Hollands Kroon,Noord-Holland,2517
Lutjewolde,lutjewolde,Groningen,Groningen,
Lutkepost,lutkepost,Achtkarspelen,Fryslân,
Luttelgeest,luttelgeest,Noordoostpolder,Flevoland,1273
Luttelherpt,luttelherpt,Heusden,Noord-Brabant,
Lutten,lutten,Hardenberg,Overijssel,1557
Luttenberg,luttenberg,Raalte,Overijssel,1494
Lutten-Oever,lutten-oever,Hardenberg,Overijssel,
Lutterhartje,lutterhartje,Hardenberg,Overijssel,
Lutterveld,lutterveld,Buren,Gelderland,
Luxwoude,luxwoude,Opsterland,Fryslân,3351
Luyksgestel,luyksgestel,Bergeijk,Noord-Brabant,1458
Lytse Geast,lytse-geast,Tytsjerksteradiel,Fryslân,
Lyts Midhuzen,lyts-midhuzen,Noardeast-Fryslân,Fryslân,
Lytsewierrum,lytsewierrum,Súdwest-Fryslân,Fryslân,2026
Maagd van Gent,maagd-van-gent,Sluis,Zeeland,
Maaidijk,maaidijk,Sluis,Zeeland,
Maaijkant,maaijkant,Baarle-Nassau,Noord-Brabant,
Maalbergen,maalbergen,Zundert,Noord-Brabant,
Maalbroek,maalbroek,Roermond,Limburg,
Maaldrift,maaldrift,Wassenaar,Zuid-Holland,
Maalstede,maalstede,Kapelle,Zeeland,
Maarheeze,maarheeze,Cranendonck,Noord-Brabant,1568
Maarhuizen,maarhuizen,Het Hogeland,Groningen,
Maarn,maarn,Utrechtse Heuvelrug,Utrecht,3340
Maarsbergen,maarsbergen,Utrechtse Heuvelrug,Utrecht,3341
Maarssen,maarssen,Stichtse Vecht,Utrecht,2064
Maartensdijk,maartensdijk,De Bilt,Utrecht,2936
Maasband,maasband,Stein,Limburg,
Maasbommel,maasbommel,West Maas en Waal,Gelderland,1772
Maasbracht,maasbracht,Maasgouw,Limburg,1920
Maasbree,maasbree,Peel en Maas,Limburg,2601
Maasdam,maasdam,Hoeksche Waard,Zuid-Holland,2382
Maasdijk,maasdijk,Hoeksche Waard,Zuid-Holland,
Maasdijk,maasdijk,Westland,Zuid-Holland,2658
Maashees,maashees,Land van Cuijk,Noord-Brabant,1218
Maaskant,maaskant,Eersel,Noord-Brabant,
Maaskantje,maaskantje,Sint-Michielsgestel,Noord-Brabant,
Maasland,maasland,Midden-Delfland,Zuid-Holland,2806
Maassluis,maassluis,Maassluis,Zuid-Holland,1069
Maastricht,maastricht,Maastricht,Limburg,1406
Maastricht Airport,maastricht-airport,Beek,Limburg,1672
Maasvlakte,maasvlakte,Rotterdam,Zuid-Holland,
“Maasvlakte Rotterdam”,maasvlakte-rotterdam,Rotterdam,Zuid-Holland,3084
Maatsehei,maatsehei,Maashorst,Noord-Brabant,
Macharen,macharen,Oss,Noord-Brabant,3252
Made,made,Drimmelen,Noord-Brabant,2577
Magele,magele,Twenterand,Overijssel,
Magrette,magrette,Terneuzen,Zeeland,
Makkinga,makkinga,Ooststellingwerf,Fryslân,1760
Makkum,makkum,Súdwest-Fryslân,Fryslân,
Makkum,makkum,Midden-Drenthe,Drenthe,
Makkum,makkum,Súdwest-Fryslân,Fryslân,2318
Malden,malden,Heumen,Gelderland,3494
Malland,malland,Tholen,Zeeland,
Mallem,mallem,Berkelland,Gelderland,
Mamelis,mamelis,Vaals,Limburg,
Mander,mander,Tubbergen,Overijssel,1290
Manderveen,manderveen,Tubbergen,Overijssel,1291
Manen,manen,Ede,Gelderland,
Mantgum,mantgum,Leeuwarden,Fryslân,2027
Mantinge,mantinge,Midden-Drenthe,Drenthe,3016
Maren,maren,Oss,Noord-Brabant,
Maren-Kessel,maren-kessel,Oss,Noord-Brabant,3471
Margraten,margraten,Eijsden-Margraten,Limburg,1694
Maria Hoop,maria-hoop,Echt-Susteren,Limburg,2043
Mariadorp,mariadorp,Eijsden-Margraten,Limburg,
Maria-Heide,maria-heide,Meierijstad,Noord-Brabant,
Mariahout,mariahout,Laarbeek,Noord-Brabant,1448
Mariaparochie,mariaparochie,Almelo,Overijssel,
Mariaparochie,mariaparochie,Tubbergen,Overijssel,1292
Mariënberg,marinberg,Hardenberg,Overijssel,1558
Mariëndijk,marindijk,Westland,Zuid-Holland,
Mariënheem,marinheem,Raalte,Overijssel,1493
Mariënvelde,marinvelde,Oost Gelre,Gelderland,2230
Marijenkampen,marijenkampen,Steenwijkerland,Overijssel,2705
Maris,maris,Peel en Maas,Limburg,
Markelo,markelo,Hof van Twente,Overijssel,1444
Marken,marken,Waterland,Noord-Holland,1943
Markenbinnen,markenbinnen,Alkmaar,Noord-Holland,3556
Markluiden,markluiden,Heerde,Gelderland,
Marknesse,marknesse,Noordoostpolder,Flevoland,1274
Markvelde,markvelde,Hof van Twente,Overijssel,
Marle,marle,Hellendoorn,Overijssel,
Marle,marle,Olst-Wijhe,Overijssel,1383
Marolleput,marolleput,Sluis,Zeeland,
Marrum,marrum,Noardeast-Fryslân,Fryslân,3208
Marsum,marsum,Eemsdelta,Groningen,
Marsum,marsum,Waadhoeke,Fryslân,2730
Martenshoek,martenshoek,Midden-Groningen,Groningen,
Marum,marum,Westerkwartier,Groningen,2263
Marwijksoord,marwijksoord,Aa en Hunze,Drenthe,1170
Mastenbroek,mastenbroek,Kampen,Overijssel,2901
Mastenbroek,mastenbroek,Zwartewaterland,Overijssel,2200
Mastwijk,mastwijk,Montfoort,Utrecht,
Mataram,mataram,Dalfsen,Overijssel,
Mathijseind,mathijseind,Gemert-Bakel,Noord-Brabant,
Matsloot,matsloot,Noordenveld,Drenthe,1641
Maurik,maurik,Buren,Gelderland,3380
Mauritsfort,mauritsfort,Terneuzen,Zeeland,
Maxet,maxet,Leudal,Limburg,
Mechelen,mechelen,Gulpen-Wittem,Limburg,1231
Medemblik,medemblik,Medemblik,Noord-Holland,3151
Medevoort,medevoort,Helmond,Noord-Brabant,
Medler,medler,Bronckhorst,Gelderland,
Meeden,meeden,Midden-Groningen,Groningen,2277
Meedhuizen,meedhuizen,Eemsdelta,Groningen,3240
Meemortel,meemortel,Cranendonck,Noord-Brabant,
Meer,meer,Eersel,Noord-Brabant,
Meer,meer,Twenterand,Overijssel,
Meeren,meeren,Land van Cuijk,Noord-Brabant,
Meerenbroek,meerenbroek,Doetinchem,Gelderland,
Meerkerk,meerkerk,Vijfheerenlanden,Utrecht,2108
Meerland,meerland,Oldambt,Groningen,
Meerlo,meerlo,Horst aan de Maas,Limburg,1858
Meers,meers,Stein,Limburg,
Meerssen,meerssen,Meerssen,Limburg,1463
Meerstad,meerstad,Groningen,Groningen,3488
Meerten,meerten,Buren,Gelderland,
Meertenwei,meertenwei,Buren,Gelderland,
Meerveld,meerveld,Apeldoorn,Gelderland,
Meerven,meerven,Eersel,Noord-Brabant,
Meerwijck,meerwijck,Midden-Groningen,Groningen,
Meeuwen,meeuwen,Altena,Noord-Brabant,1955
Megchelen,megchelen,Oude IJsselstreek,Gelderland,1584
Megelsum,megelsum,Horst aan de Maas,Limburg,
Megen,megen,Oss,Noord-Brabant,3251
Meije,meije,Bodegraven-Reeuwijk,Zuid-Holland,
Meije,meije,Nieuwkoop,Zuid-Holland,
Meije,meije,Woerden,Utrecht,
Meijel,meijel,Peel en Maas,Limburg,2140
Meijldoorn,meijldoorn,Meierijstad,Noord-Brabant,
Meijsberg,meijsberg,Alphen-Chaam,Noord-Brabant,
Meilahuzen,meilahuzen,Súdwest-Fryslân,Fryslân,
Mekkelhorst,mekkelhorst,Losser,Overijssel,
Melderslo,melderslo,Horst aan de Maas,Limburg,1034
Melick,melick,Roerdalen,Limburg,2591
Meliskerke,meliskerke,Veere,Zeeland,2780
Melissant,melissant,Goeree-Overflakkee,Zuid-Holland,2379
Melleschet,melleschet,Vaals,Limburg,
Menaam,menaam,Waadhoeke,Fryslân,2731
Mennonietenbuurt,mennonietenbuurt,Schagen,Noord-Holland,
Mensingeweer,mensingeweer,Het Hogeland,Groningen,3421
Menzel,menzel,Bernheze,Noord-Brabant,
Meppel,meppel,Meppel,Drenthe,1082
Meppen,meppen,Coevorden,Drenthe,2157
Merkelbeek,merkelbeek,Beekdaelen,Limburg,2847
Merlenberg,merlenberg,Deurne,Noord-Brabant,
Merselo,merselo,Venray,Limburg,2331
Merum,merum,Eemsdelta,Groningen,
Merum,merum,Roermond,Limburg,
Mesch,mesch,Eijsden-Margraten,Limburg,
Meteren,meteren,West Betuwe,Gelderland,3530
Meterik,meterik,Horst aan de Maas,Limburg,1035
Meulunteren,meulunteren,Ede,Gelderland,
Mheer,mheer,Eijsden-Margraten,Limburg,1695
Midbuul,midbuul,Cranendonck,Noord-Brabant,
Middel,middel,Olst-Wijhe,Overijssel,
Middelaar,middelaar,Mook en Middelaar,Limburg,2801
Middelbeers,middelbeers,Oirschot,Noord-Brabant,
Middelbert,middelbert,Groningen,Groningen,
Middelburen,middelburen,Smallingerland,Fryslân,
Middelburg,middelburg,Bodegraven-Reeuwijk,Zuid-Holland,
Middelburg,middelburg,Middelburg,Zeeland,1007
Middeldijk (?),middeldijk-,Barendrecht,Zuid-Holland,
Middelharnis,middelharnis,Goeree-Overflakkee,Zuid-Holland,3143
Middelie,middelie,Edam-Volendam,Noord-Holland,1840
Middelijk,middelijk,Horst aan de Maas,Limburg,
Middelkoop,middelkoop,Vijfheerenlanden,Utrecht,
Middelrode,middelrode,Sint-Michielsgestel,Noord-Brabant,
Middelsluis,middelsluis,Hoeksche Waard,Zuid-Holland,
Middelstum,middelstum,Eemsdelta,Groningen,3450
Middelveen,middelveen,De Wolden,Drenthe,
Middenbeemster,middenbeemster,Purmerend,Noord-Holland,2170
Middendorp,middendorp,Emmen,Drenthe,
Middendorp,middendorp,Emmen,Drenthe,
Middenhof,middenhof,Reimerswaal,Zeeland,
Middenmeer,middenmeer,Hollands Kroon,Noord-Holland,2434
Midlaren,midlaren,Tynaarlo,Drenthe,2926
Midlum,midlum,Harlingen,Fryslân,2892
Midsland,midsland,Terschelling,Fryslân,2619
Midsland aan Zee,midsland-aan-zee,Terschelling,Fryslân,
Midwolda,midwolda,Oldambt,Groningen,1897
Midwolde,midwolde,Westerkwartier,Groningen,2343
Midwoud,midwoud,Medemblik,Noord-Holland,3152
Miedum,miedum,Waadhoeke,Fryslân,
Miedum,miedum,Leeuwarden,Fryslân,1199
Mierlo,mierlo,Geldrop-Mierlo,Noord-Brabant,1127
Mijdrecht,mijdrecht,De Ronde Venen,Utrecht,3549
Mijnden,mijnden,Stichtse Vecht,Utrecht,
Mijnsheerenland,mijnsheerenland,Hoeksche Waard,Zuid-Holland,2383
Mildam,mildam,Heerenveen,Fryslân,2191
Mildert,mildert,Nederweert,Limburg,
Milheeze,milheeze,Gemert-Bakel,Noord-Brabant,2091
Mill,mill,Land van Cuijk,Noord-Brabant,1976
Millingen,millingen,Dalfsen,Overijssel,
Millingen aan de Rijn,millingen-aan-de-rijn,Berg en Dal,Gelderland,2289
Milsbeek,milsbeek,Gennep,Limburg,2479
Milschot,milschot,Gemert-Bakel,Noord-Brabant,
Milt,milt,Oude IJsselstreek,Gelderland,
Mingersberg,mingersberg,Gulpen-Wittem,Limburg,
Mingersberg,mingersberg,Voerendaal,Limburg,
Minkeloos,minkeloos,Molenlanden,Zuid-Holland,
Minnertsga,minnertsga,Waadhoeke,Fryslân,3333
Mirns,mirns,De Fryske Marren,Fryslân,1678
Mispeleind,mispeleind,Reusel-De Mierden,Noord-Brabant,
Mitselwier,mitselwier,Noardeast-Fryslân,Fryslân,3402
Moarre,moarre,Noardeast-Fryslân,Fryslân,3404
Moddergat,moddergat,Noardeast-Fryslân,Fryslân,3403
Moerbeek,moerbeek,Hollands Kroon,Noord-Holland,
Moerdijk,moerdijk,Moerdijk,Noord-Brabant,1322
Moeren,moeren,Zundert,Noord-Brabant,
Moerenburg,moerenburg,Tilburg,Noord-Brabant,
Moergestel,moergestel,Oisterwijk,Noord-Brabant,2647
Moerkapelle,moerkapelle,Zuidplas,Zuid-Holland,1212
Moerslag,moerslag,Eijsden-Margraten,Limburg,
Moerstraten,moerstraten,Roosendaal,Noord-Brabant,1593
Moesdijk,moesdijk,Weert,Limburg,
Moespot,moespot,Steenwijkerland,Overijssel,
Molembaix,molembaix,Veere,Zeeland,
Molenaarsgraaf,molenaarsgraaf,Molenlanden,Zuid-Holland,1983
Molenbaan,molenbaan,Peel en Maas,Limburg,
Molenbelt,molenbelt,Deventer,Overijssel,
Molenbuurt,molenbuurt,Houten,Utrecht,
Moleneind,moleneind,Altena,Noord-Brabant,
Moleneind,moleneind,Horst aan de Maas,Limburg,
Moleneind,moleneind,Loon op Zand,Noord-Brabant,
Moleneind,moleneind,Maashorst,Noord-Brabant,
Moleneind,moleneind,West Maas en Waal,Gelderland,
Molengat,molengat,Land van Cuijk,Noord-Brabant,
Molenhoek,molenhoek,Druten,Gelderland,
Molenhoek,molenhoek,Heumen,Gelderland,
Molenhoek,molenhoek,Heumen,Gelderland,
Molenhoek,molenhoek,Hulst,Zeeland,
Molenhoek,molenhoek,Mook en Middelaar,Limburg,2802
Molenhoek,molenhoek,Steenwijkerland,Overijssel,
Molenhoek,molenhoek,Venray,Limburg,
Molenhof,molenhof,Deurne,Noord-Brabant,
Molenhuizen,molenhuizen,Peel en Maas,Limburg,
Molenperk,molenperk,Veere,Zeeland,
Molenpolder,molenpolder,Stichtse Vecht,Utrecht,
Molenrij,molenrij,Het Hogeland,Groningen,
Molenschot,molenschot,Gilze en Rijen,Noord-Brabant,2069
Molenstad,molenstad,Westerveld,Drenthe,
Molenstraat,molenstraat,Vught,Noord-Brabant,
Molenstraat,molenstraat,Loon op Zand,Noord-Brabant,
Molenveld,molenveld,Eersel,Noord-Brabant,
Molenvliet,molenvliet,Tholen,Zeeland,
Molenwijk,molenwijk,Boekel,Noord-Brabant,
Molkwerum,molkwerum,Súdwest-Fryslân,Fryslân,1967
Molsberg,molsberg,Simpelveld,Limburg,
Monnickendam,monnickendam,Waterland,Noord-Holland,1944
Monnikendijk,monnikendijk,Goes,Zeeland,
Monster,monster,Westland,Zuid-Holland,2659
Montfoort,montfoort,Montfoort,Utrecht,1964
Montfort,montfort,Roerdalen,Limburg,2592
Montsamabuorren,montsamabuorren,Súdwest-Fryslân,Fryslân,
Mook,mook,Mook en Middelaar,Limburg,2803
Mookhoek,mookhoek,Hoeksche Waard,Zuid-Holland,2796
Moordhuizen,moordhuizen,West Maas en Waal,Gelderland,
Moordrecht,moordrecht,Zuidplas,Zuid-Holland,1244
Moorsel,moorsel,Someren,Noord-Brabant,
Moorveld,moorveld,Meerssen,Limburg,1464
Moriaanshoofd,moriaanshoofd,Schouwen-Duiveland,Zeeland,
Morige,morige,Westerwolde,Groningen,
Morsche Hoef,morsche-hoef,Meierijstad,Noord-Brabant,
Mortel,mortel,Leudal,Limburg,
Mosbulten,mosbulten,Meierijstad,Noord-Brabant,
Mosik,mosik,Eersel,Noord-Brabant,
Moskou,moskou,Ooststellingwerf,Fryslân,
Mossel,mossel,Bronckhorst,Gelderland,
Mossel,mossel,Ede,Gelderland,
Mosselaar,mosselaar,Best,Noord-Brabant,
Mosselhoek,mosselhoek,Tholen,Zeeland,
Most,most,Horst aan de Maas,Limburg,
Mostheuvel,mostheuvel,Eersel,Noord-Brabant,
Mounebuorren,mounebuorren,Noardeast-Fryslân,Fryslân,
Muggenbeet,muggenbeet,Steenwijkerland,Overijssel,
Muggenberg,muggenberg,Heeze-Leende,Noord-Brabant,
Muggenhol,muggenhol,Veldhoven,Noord-Brabant,
Muggenhool,muggenhool,Bergeijk,Noord-Brabant,
Muiden,muiden,Gooise Meren,Noord-Holland,3632
Muiderberg,muiderberg,Gooise Meren,Noord-Holland,1519
Muizenhol,muizenhol,Gemert-Bakel,Noord-Brabant,
Mullegen,mullegen,Oldebroek,Gelderland,
Mun,mun,Maashorst,Noord-Brabant,
Mûnein,mnein,Tytsjerksteradiel,Fryslân,2446
Munnekeburen,munnekeburen,Weststellingwerf,Fryslân,1725
Munnekemoer,munnekemoer,Westerwolde,Groningen,
Munnekens-Vinkel,munnekens-vinkel,Bernheze,Noord-Brabant,
Munnekens-Vinkel,munnekens-vinkel,'s-Hertogenbosch,Noord-Brabant,
Munnekezijl,munnekezijl,Noardeast-Fryslân,Fryslân,3312
Munnikenheide,munnikenheide,Rucphen,Noord-Brabant,
Munstergeleen,munstergeleen,Sittard-Geleen,Limburg,2816
Munsterscheveld,munsterscheveld,Emmen,Drenthe,
Muntendam,muntendam,Midden-Groningen,Groningen,2278
Musschendorp,musschendorp,Leusden,Utrecht,
Mussel,mussel,Stadskanaal,Groningen,3077
Musselkanaal,musselkanaal,Stadskanaal,Groningen,3075
Naaldwijk,naaldwijk,Westland,Zuid-Holland,2660
Naarden,naarden,Gooise Meren,Noord-Holland,1052
Naarderbuorren,naarderbuorren,Leeuwarden,Fryslân,
Nabbegat,nabbegat,Maashorst,Noord-Brabant,
Nachtegaal,nachtegaal,Horst aan de Maas,Limburg,
Nagelbeek,nagelbeek,Beekdaelen,Limburg,
Nagele,nagele,Noordoostpolder,Flevoland,1278
Nansum,nansum,Eemsdelta,Groningen,
Napels,napels,Oldambt,Groningen,
Nattenhoven,nattenhoven,Stein,Limburg,
Nederasselt,nederasselt,Heumen,Gelderland,3497
Nederbiel,nederbiel,Berkelland,Gelderland,
Neder-Hardinxveld,neder-hardinxveld,Hardinxveld-Giessendam,Zuid-Holland,
Nederheide,nederheide,Rucphen,Noord-Brabant,
Nederhemert,nederhemert,Zaltbommel,Gelderland,2633
Nederhemert-Noord,nederhemert-noord,Zaltbommel,Gelderland,
Nederhemert-Zuid,nederhemert-zuid,Zaltbommel,Gelderland,
Nederhorst den Berg,nederhorst-den-berg,Wijdemeren,Noord-Holland,3003
Nederland,nederland,Steenwijkerland,Overijssel,2706
Nederweert,nederweert,Nederweert,Limburg,2037
Nederweert-Eind,nederweert-eind,Nederweert,Limburg,2039
Nederweerterdijk,nederweerterdijk,Peel en Maas,Limburg,
Nederwetten,nederwetten,"Nuenen, Gerwen en Nederwetten",Noord-Brabant,
Nederwoud,nederwoud,Ede,Gelderland,
Neede,neede,Berkelland,Gelderland,1656
Neer,neer,Leudal,Limburg,2952
Neerbeek,neerbeek,Beek,Limburg,
Neerbroek,neerbroek,Boekel,Noord-Brabant,
Neerdorp,neerdorp,Rijssen-Holten,Overijssel,
Neereind,neereind,Oirschot,Noord-Brabant,
Neerijnen,neerijnen,West Betuwe,Gelderland,3363
Neeritter,neeritter,Leudal,Limburg,2953
Neerkant,neerkant,Deurne,Noord-Brabant,1777
Neerlangel,neerlangel,Oss,Noord-Brabant,3261
Neerloon,neerloon,Oss,Noord-Brabant,3262
Neersteind,neersteind,Druten,Gelderland,
Neerstraat,neerstraat,Gemert-Bakel,Noord-Brabant,
Negenhuizen,negenhuizen,Midden-Delfland,Zuid-Holland,
Nekkeveld,nekkeveld,Nijkerk,Gelderland,
Nergena,nergena,Boxtel,Noord-Brabant,
Nergena,nergena,Ede,Gelderland,
Nerhoven,nerhoven,Gilze en Rijen,Noord-Brabant,
Nes,nes,Ameland,Fryslân,2588
Nes,nes,Noardeast-Fryslân,Fryslân,3405
Nes,nes,Heerenveen,Fryslân,3603
Nes aan de Amstel,nes-aan-de-amstel,Amstelveen,Noord-Holland,
Nessersluis,nessersluis,De Ronde Venen,Utrecht,
Netersel,netersel,Bladel,Noord-Brabant,1068
Nettelhorst,nettelhorst,Lochem,Gelderland,
Netterden,netterden,Oude IJsselstreek,Gelderland,1583
Nibbixwoud,nibbixwoud,Medemblik,Noord-Holland,3153
Niebert,niebert,Westerkwartier,Groningen,2264
Niehove,niehove,Westerkwartier,Groningen,2121
Niekerk,niekerk,Het Hogeland,Groningen,3422
Niekerk,niekerk,Westerkwartier,Groningen,2178
Niemeskant,niemeskant,Maashorst,Noord-Brabant,
Nierhoven,nierhoven,Beekdaelen,Limburg,
Niersen,niersen,Epe,Gelderland,
Niesoord,niesoord,Oldambt,Groningen,
Nietap,nietap,Noordenveld,Drenthe,1642
Nieuw Acht,nieuw-acht,Eindhoven,Noord-Brabant,
Nieuw Amerika,nieuw-amerika,De Fryske Marren,Fryslân,
Nieuw Annerveen,nieuw-annerveen,Aa en Hunze,Drenthe,1171
Nieuw-Balinge,nieuw-balinge,Midden-Drenthe,Drenthe,3018
Nieuw Beerta,nieuw-beerta,Oldambt,Groningen,1421
Nieuw- en Sint Joosland,nieuw--en-sint-joosland,Middelburg,Zeeland,1009
Nieuw- en Winnerstraat,nieuw--en-winnerstraat,Nederweert,Limburg,
Nieuw Heeten,nieuw-heeten,Raalte,Overijssel,
Nieuw Milligen,nieuw-milligen,Apeldoorn,Gelderland,
Nieuw Scheemda,nieuw-scheemda,Oldambt,Groningen,
Nieuw Wehl,nieuw-wehl,Doetinchem,Gelderland,
Nieuw(-)Bergen (?),nieuw-bergen-,Bergen,Limburg,
Nieuwaal,nieuwaal,Zaltbommel,Gelderland,2634
Nieuw-Abeele,nieuw-abeele,Middelburg,Zeeland,
Nieuw-Amsterdam,nieuw-amsterdam,Emmen,Drenthe,1993
Nieuw-Beijerland,nieuw-beijerland,Hoeksche Waard,Zuid-Holland,2887
Nieuw-Buinen,nieuw-buinen,Borger-Odoorn,Drenthe,1797
Nieuw-Dijk,nieuw-dijk,Montferland,Gelderland,
Nieuw-Dordrecht,nieuw-dordrecht,Emmen,Drenthe,1994
Nieuwdorp,nieuwdorp,Borsele,Zeeland,1259
Nieuwe Compagnie,nieuwe-compagnie,Midden-Groningen,Groningen,
Nieuwe Dijk,nieuwe-dijk,"Nuenen, Gerwen en Nederwetten",Noord-Brabant,
Nieuwe Krim,nieuwe-krim,Coevorden,Drenthe,
Nieuwe Molen,nieuwe-molen,Bergen op Zoom,Noord-Brabant,
Nieuwe-Niedorp,nieuwe-niedorp,Hollands Kroon,Noord-Holland,
“Nieuwe Niedorp”,nieuwe-niedorp,Hollands Kroon,Noord-Holland,2518
Nieuwe Pekela,nieuwe-pekela,Pekela,Groningen,1398
Nieuwe Schans,nieuwe-schans,West Maas en Waal,Gelderland,
Nieuwe Statenzijl,nieuwe-statenzijl,Oldambt,Groningen,
Nieuwe Strumpt,nieuwe-strumpt,Baarle-Nassau,Noord-Brabant,
Nieuwe-Tonge,nieuwe-tonge,Goeree-Overflakkee,Zuid-Holland,3144
Nieuwe Vaart,nieuwe-vaart,Opsterland,Fryslân,
Nieuwe Wetering,nieuwe-wetering,Kaag en Braassem,Zuid-Holland,3037
Nieuwe Wetering,nieuwe-wetering,Zwartewaterland,Overijssel,
Nieuwebildtzijl,nieuwebildtzijl,Waadhoeke,Fryslân,
Nieuwebrug,nieuwebrug,Ommen,Overijssel,
Nieuwebrug,nieuwebrug,De Fryske Marren,Fryslân,2496
Nieuwediep,nieuwediep,Aa en Hunze,Drenthe,1172
Nieuwegein,nieuwegein,Nieuwegein,Utrecht,1108
Nieuwehorne,nieuwehorne,Heerenveen,Fryslân,2194
Nieuwemolen,nieuwemolen,Moerdijk,Noord-Brabant,
Nieuwemolen,nieuwemolen,Terneuzen,Zeeland,
Nieuwenberg,nieuwenberg,Roosendaal,Noord-Brabant,
Nieuwendijk,nieuwendijk,Hoeksche Waard,Zuid-Holland,
Nieuwendijk,nieuwendijk,Altena,Noord-Brabant,2216
Nieuwenhagen,nieuwenhagen,Landgraaf,Limburg,
Nieuwenhoorn,nieuwenhoorn,Voorne aan Zee,Zuid-Holland,
Nieuwerbrug aan den Rijn (?),nieuwerbrug-aan-den-rijn-,Bodegraven-Reeuwijk,Zuid-Holland,2666
Nieuwerhoek,nieuwerhoek,Stichtse Vecht,Utrecht,
Nieuwerkerk,nieuwerkerk,Schouwen-Duiveland,Zeeland,2680
Nieuwerkerk aan den IJssel,nieuwerkerk-aan-den-ijssel,Zuidplas,Zuid-Holland,1016
Nieuwerkerke (Schutje),nieuwerkerke-schutje,Schouwen-Duiveland,Zeeland,
Nieuweroord,nieuweroord,Hoogeveen,Drenthe,1815
Nieuweroord,nieuweroord,Midden-Drenthe,Drenthe,3017
Nieuwersluis,nieuwersluis,Stichtse Vecht,Utrecht,2221
Nieuwer Ter Aa,nieuwer-ter-aa,Stichtse Vecht,Utrecht,1394
Nieuweschans,nieuweschans,Oldambt,Groningen,
Nieuweschoot,nieuweschoot,Heerenveen,Fryslân,2187
Nieuwesluis,nieuwesluis,Hollands Kroon,Noord-Holland,
Nieuwe-Vaart,nieuwe-vaart,Waalwijk,Noord-Brabant,
Nieuwe-Wetering,nieuwe-wetering,De Bilt,Utrecht,
Nieuw-Gassel,nieuw-gassel,Land van Cuijk,Noord-Brabant,
Nieuwgraaf,nieuwgraaf,Duiven,Gelderland,
Nieuw-Groevenbeek,nieuw-groevenbeek,Ermelo,Gelderland,
Nieuw-Haamstede,nieuw-haamstede,Schouwen-Duiveland,Zeeland,
Nieuw-Heeten,nieuw-heeten,Raalte,Overijssel,1499
Nieuwkerk,nieuwkerk,Goirle,Noord-Brabant,
Nieuwklap,nieuwklap,Westerkwartier,Groningen,
Nieuwkoop,nieuwkoop,Nieuwkoop,Zuid-Holland,2667
Nieuwkuijk,nieuwkuijk,Heusden,Noord-Brabant,3502
Nieuwland,nieuwland,Terneuzen,Zeeland,
Nieuwland,nieuwland,Vijfheerenlanden,Utrecht,2111
Nieuwland,nieuwland,Noardeast-Fryslân,Fryslân,
Nieuwlande,nieuwlande,Hoogeveen,Drenthe,1816
Nieuwlande,nieuwlande,Coevorden,Drenthe,
“Nieuwlande Coevorden”,nieuwlande-coevorden,Coevorden,Drenthe,2158
Nieuwlandse Molen,nieuwlandse-molen,Terneuzen,Zeeland,
Nieuw-Lekkerland,nieuw-lekkerland,Molenlanden,Zuid-Holland,2795
Nieuwleusen,nieuwleusen,Dalfsen,Overijssel,1239
Nieuw-Loosdrecht,nieuw-loosdrecht,Wijdemeren,Noord-Holland,
Nieuw-Namen,nieuw-namen,Hulst,Zeeland,
“Nieuw Namen”,nieuw-namen,Hulst,Zeeland,3093
Nieuwolda,nieuwolda,Oldambt,Groningen,1896
Nieuwolda-Oost,nieuwolda-oost,Oldambt,Groningen,
Nieuwpoort,nieuwpoort,Molenlanden,Zuid-Holland,1807
Nieuw-Reemst,nieuw-reemst,Ede,Gelderland,
Nieuw-Roden,nieuw-roden,Noordenveld,Drenthe,1643
Nieuw Scheemda,nieuw-scheemda,Oldambt,Groningen,1894
Nieuw-Schoonebeek,nieuw-schoonebeek,Emmen,Drenthe,1995
Nieuwstad,nieuwstad,Eemsdelta,Groningen,
Nieuwstad,nieuwstad,Kampen,Overijssel,
Nieuwstadt,nieuwstadt,Echt-Susteren,Limburg,2047
Nieuwveen,nieuwveen,Nieuwkoop,Zuid-Holland,2670
Nieuw-Vennep,nieuw-vennep,Haarlemmermeer,Noord-Holland,1602
Nieuwvliet,nieuwvliet,Sluis,Zeeland,2969
Nieuwvliet-Bad,nieuwvliet-bad,Sluis,Zeeland,
Nieuw-Vossemeer,nieuw-vossemeer,Steenbergen,Noord-Brabant,1404
Nieuw-Weerdinge,nieuw-weerdinge,Emmen,Drenthe,1996
Nieuw-Zwinderen,nieuw-zwinderen,Coevorden,Drenthe,
Niezijl,niezijl,Westerkwartier,Groningen,2122
Niftrik,niftrik,Wijchen,Gelderland,2569
Nigtevecht,nigtevecht,Stichtse Vecht,Utrecht,2222
Nij Altoenae,nij-altoenae,Waadhoeke,Fryslân,3330
Nij Beets,nij-beets,Opsterland,Fryslân,3352
Nijbroek,nijbroek,Voorst,Gelderland,2607
Nijbuorren,nijbuorren,Súdwest-Fryslân,Fryslân,
Nijeberkoop,nijeberkoop,Ooststellingwerf,Fryslân,1761
Nijega,nijega,Smallingerland,Fryslân,3284
Nijehaske,nijehaske,De Fryske Marren,Fryslân,3521
Nijeholtpade,nijeholtpade,Weststellingwerf,Fryslân,1726
Nijeholtwolde,nijeholtwolde,Weststellingwerf,Fryslân,1727
Nijelamer,nijelamer,Weststellingwerf,Fryslân,1728
Nijemirdum,nijemirdum,De Fryske Marren,Fryslân,1679
Nijenklooster,nijenklooster,Het Hogeland,Groningen,
Nijenklooster,nijenklooster,Eemsdelta,Groningen,
Nijensleek,nijensleek,Westerveld,Drenthe,3116
Nijetrijne,nijetrijne,Weststellingwerf,Fryslân,1729
Nijeveen,nijeveen,Meppel,Drenthe,1083
Nijeveense Bovenboer,nijeveense-bovenboer,Meppel,Drenthe,
Nijewier,nijewier,Noardeast-Fryslân,Fryslân,3406
Nijezijl,nijezijl,Súdwest-Fryslân,Fryslân,
Nijhoven,nijhoven,Baarle-Nassau,Noord-Brabant,
Nijhuizum,nijhuizum,Súdwest-Fryslân,Fryslân,1972
Nijken,nijken,Leudal,Limburg,
Nijkerk,nijkerk,Nijkerk,Gelderland,3606
Nijkerkerveen,nijkerkerveen,Nijkerk,Gelderland,3607
Nijland,nijland,Súdwest-Fryslân,Fryslân,2414
Nijlande,nijlande,Aa en Hunze,Drenthe,1173
Nijmegen,nijmegen,Nijmegen,Gelderland,3030
Nijnsel,nijnsel,Meierijstad,Noord-Brabant,
Nijstad,nijstad,Hoogeveen,Drenthe,
Nijswiller,nijswiller,Gulpen-Wittem,Limburg,
Nijvelaar,nijvelaar,Sint-Michielsgestel,Noord-Brabant,
Nijverdal,nijverdal,Hellendoorn,Overijssel,3584
Nispen,nispen,Roosendaal,Noord-Brabant,1591
Nispense Achterhoek,nispense-achterhoek,Rucphen,Noord-Brabant,
Nisse,nisse,Borsele,Zeeland,1260
Nistelrode,nistelrode,Bernheze,Noord-Brabant,3062
Noardburgum,noardburgum,Tytsjerksteradiel,Fryslân,2450
Noenes,noenes,Oisterwijk,Noord-Brabant,
Noetsele,noetsele,Hellendoorn,Overijssel,
Nolde,nolde,De Wolden,Drenthe,
Nooitgedacht,nooitgedacht,Aa en Hunze,Drenthe,1174
Nooitgedacht,nooitgedacht,Eemsdelta,Groningen,
Noorbeek,noorbeek,Eijsden-Margraten,Limburg,1696
Noord,noord,Land van Cuijk,Noord-Brabant,
Noord Deurningen,noord-deurningen,Dinkelland,Overijssel,
Noordbarge,noordbarge,Emmen,Drenthe,
Noordbeemster,noordbeemster,Purmerend,Noord-Holland,2171
Noordbroek,noordbroek,Midden-Groningen,Groningen,2279
Noordbroeksterhamrik,noordbroeksterhamrik,Midden-Groningen,Groningen,
Noorddijk,noorddijk,Groningen,Groningen,
Noordeind,noordeind,Leeuwarden,Fryslân,
Noordeinde,noordeinde,Alkmaar,Noord-Holland,1905
Noordeinde,noordeinde,Goes,Zeeland,
Noordeinde,noordeinde,Nieuwkoop,Zuid-Holland,
Noordeinde,noordeinde,Oldebroek,Gelderland,
“Noordeinde Gld”,noordeinde-gld,Oldebroek,Gelderland,3070
Noordeinde,noordeinde,Stichtse Vecht,Utrecht,
Noordeloos,noordeloos,Molenlanden,Zuid-Holland,1436
Noord-Empe,noord-empe,Voorst,Gelderland,
Noorden,noorden,Nieuwkoop,Zuid-Holland,2668
Noorderburen,noorderburen,Westerkwartier,Groningen,
Noorderhoogebrug,noorderhoogebrug,Groningen,Groningen,
Noorderkolonie,noorderkolonie,Pekela,Groningen,
Noordgouwe,noordgouwe,Schouwen-Duiveland,Zeeland,2681
Noordhoek,noordhoek,Moerdijk,Noord-Brabant,1325
Noordhoek,noordhoek,Rucphen,Noord-Brabant,
Noordhorn,noordhorn,Westerkwartier,Groningen,2123
Noordhornerga,noordhornerga,Westerkwartier,Groningen,
Noordhornertolhek,noordhornertolhek,Westerkwartier,Groningen,
Noordijk,noordijk,Berkelland,Gelderland,
Noordijk,noordijk,Dinkelland,Overijssel,
Noordink,noordink,Bronckhorst,Gelderland,
Noordkant,noordkant,Land van Cuijk,Noord-Brabant,
Noordlaren,noordlaren,Groningen,Groningen,1268
Noord-Meer,noord-meer,Twenterand,Overijssel,
Noordpolderzijl,noordpolderzijl,Het Hogeland,Groningen,
Noordschans,noordschans,Moerdijk,Noord-Brabant,
Noord-Scharwoude,noord-scharwoude,Dijk en Waard,Noord-Holland,1118
Noordscheschut,noordscheschut,Hoogeveen,Drenthe,1817
Noordse Dorp,noordse-dorp,Nieuwkoop,Zuid-Holland,
Noordsebuurt,noordsebuurt,Nieuwkoop,Zuid-Holland,
Noord-Sleen,noord-sleen,Coevorden,Drenthe,2159
Noord-Stegeren,noord-stegeren,Hardenberg,Overijssel,
Noordstraat,noordstraat,Hulst,Zeeland,
Noordwelle,noordwelle,Schouwen-Duiveland,Zeeland,2682
Noordwijk,noordwijk,De Wolden,Drenthe,
Noordwijk,noordwijk,Westerkwartier,Groningen,2265
Noordwijk,noordwijk,Noordwijk,Zuid-Holland,2061
Noordwijk aan Zee,noordwijk-aan-zee,Noordwijk,Zuid-Holland,
Noordwijk-Binnen,noordwijk-binnen,Noordwijk,Zuid-Holland,
Noordwijkerhout,noordwijkerhout,Noordwijk,Zuid-Holland,1927
Noordwolde,noordwolde,Het Hogeland,Groningen,2830
Noordwolde,noordwolde,Weststellingwerf,Fryslân,1730
Noordwolde-zuid,noordwolde-zuid,Weststellingwerf,Fryslân,
Noordzijde,noordzijde,Bodegraven-Reeuwijk,Zuid-Holland,
Nootdorp,nootdorp,Pijnacker-Nootdorp,Zuid-Holland,1142
Norg,norg,Noordenveld,Drenthe,1644
Norgervaart,norgervaart,Midden-Drenthe,Drenthe,
Notendaal,notendaal,Steenbergen,Noord-Brabant,
Notsel,notsel,Alphen-Chaam,Noord-Brabant,
Notter,notter,Wierden,Overijssel,1090
Noukoop,noukoop,Pijnacker-Nootdorp,Zuid-Holland,
Nuenen,nuenen,"Nuenen, Gerwen en Nederwetten",Noord-Brabant,2136
Nuijeneind,nuijeneind,Gemert-Bakel,Noord-Brabant,
Nuil,nuil,Hoogeveen,Drenthe,
Nuis,nuis,Westerkwartier,Groningen,2266
Nuland,nuland,'s-Hertogenbosch,Noord-Brabant,3611
Numansdorp,numansdorp,Hoeksche Waard,Zuid-Holland,2372
Numero Dertien,numero-dertien,Veendam,Groningen,
Nummer Eén,nummer-en,Sluis,Zeeland,
Nunhem,nunhem,Leudal,Limburg,2954
Nunspeet,nunspeet,Nunspeet,Gelderland,2982
Nuth,nuth,Beekdaelen,Limburg,2358
Nutter,nutter,Dinkelland,Overijssel,1411
Nykleaster,nykleaster,Súdwest-Fryslân,Fryslân,
Obbicht,obbicht,Sittard-Geleen,Limburg,2817
Obdam,obdam,Koggenland,Noord-Holland,1187
Ochten,ochten,Neder-Betuwe,Gelderland,1097
Ockhuizen,ockhuizen,Utrecht,Utrecht,
Odijk,odijk,Bunnik,Utrecht,2604
Odiliapeel,odiliapeel,Maashorst,Noord-Brabant,1849
Odoorn,odoorn,Borger-Odoorn,Drenthe,1798
Odoorn,odoorn,Borger-Odoorn,Drenthe,1799
Oeffelt,oeffelt,Land van Cuijk,Noord-Brabant,1219
Oegstgeest,oegstgeest,Oegstgeest,Zuid-Holland,2744
Oeijenbraak,oeijenbraak,Someren,Noord-Brabant,
Oekel,oekel,Zundert,Noord-Brabant,
Oeken,oeken,Brummen,Gelderland,
Oele,oele,Hengelo,Overijssel,
Oene,oene,Epe,Gelderland,1347
Oensel,oensel,Maasdriel,Gelderland,
Oensel,oensel,Zaltbommel,Gelderland,
Oensel,oensel,Beekdaelen,Limburg,
Oentsjerk,oentsjerk,Tytsjerksteradiel,Fryslân,2443
Oerle,oerle,Veldhoven,Noord-Brabant,
Oetelaar,oetelaar,Meierijstad,Noord-Brabant,
Oevereind,oevereind,Echt-Susteren,Limburg,
Offingawier,offingawier,Súdwest-Fryslân,Fryslân,3506
Ofwegen,ofwegen,Kaag en Braassem,Zuid-Holland,
Ohé en Laak,oh-en-laak,Maasgouw,Limburg,1923
Oijen,oijen,Oss,Noord-Brabant,3470
Oijen,oijen,Peel en Maas,Limburg,
Oirlo,oirlo,Venray,Limburg,3604
Oirsbeek,oirsbeek,Beekdaelen,Limburg,2101
Oirschot,oirschot,Oirschot,Noord-Brabant,1207
Oisterwijk,oisterwijk,Oisterwijk,Noord-Brabant,2646
Oisterwijkse Hoeven,oisterwijkse-hoeven,Oisterwijk,Noord-Brabant,
Okkenbroek,okkenbroek,Deventer,Overijssel,2859
Okswerd,okswerd,Westerkwartier,Groningen,
Olburgen,olburgen,Bronckhorst,Gelderland,1529
Oldeberkoop,oldeberkoop,Ooststellingwerf,Fryslân,1762
Oldebroek,oldebroek,Oldebroek,Gelderland,3071
Oldeholtpade,oldeholtpade,Weststellingwerf,Fryslân,1731
Oldeholtwolde,oldeholtwolde,Weststellingwerf,Fryslân,1732
Oldehove,oldehove,Westerkwartier,Groningen,2124
Oldekerk,oldekerk,Westerkwartier,Groningen,2179
Oldelamer,oldelamer,Weststellingwerf,Fryslân,1733
Oldemarkt,oldemarkt,Steenwijkerland,Overijssel,2707
Olden Eibergen,olden-eibergen,Berkelland,Gelderland,
Oldendiever,oldendiever,Westerveld,Drenthe,
Oldeneel,oldeneel,Zwolle,Overijssel,
Oldenhave,oldenhave,De Wolden,Drenthe,
Oldenklooster,oldenklooster,Eemsdelta,Groningen,
Oldenzaal,oldenzaal,Oldenzaal,Overijssel,1668
Oldenzijl,oldenzijl,Het Hogeland,Groningen,3476
Oldenzijl,oldenzijl,Het Hogeland,Groningen,
Oldeouwer,oldeouwer,De Fryske Marren,Fryslân,2498
Oldetrijne,oldetrijne,Weststellingwerf,Fryslân,1734
Oldörp,oldrp,Het Hogeland,Groningen,
Olen,olen,"Nuenen, Gerwen en Nederwetten",Noord-Brabant,
Olen,olen,Son en Breugel,Noord-Brabant,
Oler,oler,Leudal,Limburg,
Oling,oling,Eemsdelta,Groningen,
Olland,olland,Meierijstad,Noord-Brabant,
Olst,olst,Olst-Wijhe,Overijssel,1379
Olterterp,olterterp,Opsterland,Fryslân,3353
Ommel,ommel,Asten,Noord-Brabant,2930
Ommelanderwijk,ommelanderwijk,Veendam,Groningen,
Ommen,ommen,Ommen,Overijssel,3629
Ommeren,ommeren,Buren,Gelderland,3381
Ommerenveld,ommerenveld,Buren,Gelderland,
Ommerschans,ommerschans,Ommen,Overijssel,
Onder de Molen,onder-de-molen,Tholen,Zeeland,
Onder Eindt,onder-eindt,Peel en Maas,Limburg,
Onderdendam,onderdendam,Het Hogeland,Groningen,2831
Onderwierum,onderwierum,Het Hogeland,Groningen,
Onna,onna,Steenwijkerland,Overijssel,2708
Onnen,onnen,Groningen,Groningen,1269
Onsenoort,onsenoort,Heusden,Noord-Brabant,
Onstwedde,onstwedde,Stadskanaal,Groningen,3076
Ooij,ooij,Berg en Dal,Gelderland,2877
Ooij,ooij,Neder-Betuwe,Gelderland,
Ooijen,ooijen,Horst aan de Maas,Limburg,
Ool,ool,Roermond,Limburg,
Oolde,oolde,Lochem,Gelderland,
Ooltgensplaat,ooltgensplaat,Goeree-Overflakkee,Zuid-Holland,2133
Oomsberg,oomsberg,Stadskanaal,Groningen,
Oost Vlieland,oost-vlieland,Vlieland,Fryslân,
Oostappen,oostappen,Asten,Noord-Brabant,
Oostbroek,oostbroek,Meerssen,Limburg,
Oostburg,oostburg,Sluis,Zeeland,2960
Oostburgsche Brug,oostburgsche-brug,Sluis,Zeeland,
Oostbuurt,oostbuurt,Westland,Zuid-Holland,
Oostdijk,oostdijk,Goeree-Overflakkee,Zuid-Holland,
Oostdijk,oostdijk,Reimerswaal,Zeeland,3464
Oosteind,oosteind,Oosterhout,Noord-Brabant,2957
Oosteind,oosteind,Papendrecht,Zuid-Holland,
Oosteind,oosteind,Waalwijk,Noord-Brabant,
Oosteinde,oosteinde,Aalsmeer,Noord-Holland,
Oosteinde,oosteinde,De Wolden,Drenthe,
Oosteinde,oosteinde,Het Hogeland,Groningen,
Oosteinde,oosteinde,Hillegom,Zuid-Holland,
Oosteinde (?),oosteinde-,Teylingen,Zuid-Holland,
Oostelbeers,oostelbeers,Oirschot,Noord-Brabant,
Oostendam,oostendam,Ridderkerk,Zuid-Holland,
Oosterbeek,oosterbeek,Renkum,Gelderland,2990
Oosterbierum,oosterbierum,Waadhoeke,Fryslân,1375
Oosterblokker,oosterblokker,Drechterland,Noord-Holland,3619
Oosterboorn,oosterboorn,Heerenveen,Fryslân,
Oosterbroek,oosterbroek,Tynaarlo,Drenthe,
Ooster-Dalfsen,ooster-dalfsen,Dalfsen,Overijssel,
Oostereinde,oostereinde,Oldambt,Groningen,
Oosterend,oosterend,Opsterland,Fryslân,
Oosterend,oosterend,Texel,Noord-Holland,2742
Oosterend,oosterend,Terschelling,Fryslân,2614
Oosterens,oosterens,Maashorst,Noord-Brabant,
Oosterhesselen,oosterhesselen,Coevorden,Drenthe,2160
Oosterhof,oosterhof,Epe,Gelderland,
Oosterholt,oosterholt,Kampen,Overijssel,
Oosterhout,oosterhout,Oosterhout,Noord-Brabant,3596
Oosterhout,oosterhout,Overbetuwe,Gelderland,1869
Oosterhuizen,oosterhuizen,Apeldoorn,Gelderland,
Oosterik,oosterik,Heeze-Leende,Noord-Brabant,
Oosterland,oosterland,Schouwen-Duiveland,Zeeland,2683
Oosterleek,oosterleek,Drechterland,Noord-Holland,1510
Oosternieland,oosternieland,Het Hogeland,Groningen,3477
Oosterse Bos,oosterse-bos,Emmen,Drenthe,
Oosterstreek,oosterstreek,Weststellingwerf,Fryslân,1735
Oosterwijk,oosterwijk,Bronckhorst,Gelderland,
Oosterwijk,oosterwijk,Vijfheerenlanden,Utrecht,2274
Oosterwijtwerd,oosterwijtwerd,Eemsdelta,Groningen,3451
Oosterwolde,oosterwolde,Oldebroek,Gelderland,3072
Oosterwolde,oosterwolde,Ooststellingwerf,Fryslân,1763
Oosterzand,oosterzand,Westerkwartier,Groningen,
Oosterzee,oosterzee,De Fryske Marren,Fryslân,2246
Oosterzee Buren,oosterzee-buren,De Fryske Marren,Fryslân,
Oost-Graftdijk,oost-graftdijk,Alkmaar,Noord-Holland,3554
Oosthem,oosthem,Súdwest-Fryslân,Fryslân,
Oosthem,oosthem,Súdwest-Fryslân,Fryslân,2415
Oosthoek,oosthoek,Hoeksche Waard,Zuid-Holland,
Oosthuizen,oosthuizen,Edam-Volendam,Noord-Holland,1841
Oostindië,oostindi,Westerkwartier,Groningen,
Oostkapelle,oostkapelle,Veere,Zeeland,2781
Oostknollendam,oostknollendam,Wormerland,Noord-Holland,2285
Oostlaar,oostlaar,Roosendaal,Noord-Brabant,
Oost-Maarland,oost-maarland,Eijsden-Margraten,Limburg,
Oostrum,oostrum,Venray,Limburg,3605
Oost-Souburg,oost-souburg,Vlissingen,Zeeland,1076
Oostum,oostum,Westerkwartier,Groningen,
Oostvoorne,oostvoorne,Voorne aan Zee,Zuid-Holland,1209
Oost West en Middelbeers,oost-west-en-middelbeers,Oirschot,Noord-Brabant,1208
Oostwold,oostwold,Westerkwartier,Groningen,2344
Oostwold,oostwold,Oldambt,Groningen,1898
Oostwolderpolder,oostwolderpolder,Oldambt,Groningen,
Oostwoud,oostwoud,Medemblik,Noord-Holland,3567
Oostzaan,oostzaan,Oostzaan,Noord-Holland,2113
Ootmarsum,ootmarsum,Dinkelland,Overijssel,1412
Op de Belt,op-de-belt,Bergen,Limburg,
Op de Bies,op-de-bies,Beekdaelen,Limburg,
Op de Bos,op-de-bos,Leudal,Limburg,
Op de Hoven,op-de-hoven,Landgraaf,Limburg,
Op den Bosch,op-den-bosch,Land van Cuijk,Noord-Brabant,
Op den Hering,op-den-hering,Beekdaelen,Limburg,
Opeinde,opeinde,Smallingerland,Fryslân,3285
Opende,opende,Westerkwartier,Groningen,2180
Ophemert,ophemert,West Betuwe,Gelderland,3364
Opheusden,opheusden,Neder-Betuwe,Gelderland,1098
Ophoven,ophoven,Echt-Susteren,Limburg,
Ophoven,ophoven,Leudal,Limburg,
Ophuis,ophuis,Achtkarspelen,Fryslân,
Opijnen,opijnen,West Betuwe,Gelderland,3365
Oploo,oploo,Land van Cuijk,Noord-Brabant,2082
Opmeeden,opmeeden,Eemsdelta,Groningen,
Opmeer,opmeer,Opmeer,Noord-Holland,2791
Oppenhuizen,oppenhuizen,Súdwest-Fryslân,Fryslân,2416
Opperburen,opperburen,Smallingerland,Fryslân,
Opperdoes,opperdoes,Medemblik,Noord-Holland,3155
Opperduit,opperduit,Krimpenerwaard,Zuid-Holland,
Opwetten,opwetten,"Nuenen, Gerwen en Nederwetten",Noord-Brabant,
Opwierde,opwierde,Eemsdelta,Groningen,
Oranje,oranje,Midden-Drenthe,Drenthe,3019
Oranjedorp,oranjedorp,Emmen,Drenthe,
Oranjeoord,oranjeoord,Moerdijk,Noord-Brabant,
Oranjewoud,oranjewoud,Heerenveen,Fryslân,2189
Orvelte,orvelte,Midden-Drenthe,Drenthe,3020
Osen,osen,Maasgouw,Limburg,
Oshaar,oshaar,De Wolden,Drenthe,
Osingahuizen,osingahuizen,Súdwest-Fryslân,Fryslân,
Ospel,ospel,Nederweert,Limburg,2038
Ospeldijk,ospeldijk,Nederweert,Limburg,
Oss,oss,Oss,Noord-Brabant,3249
Ossendrecht,ossendrecht,Woensdrecht,Noord-Brabant,1002
Ossenisse,ossenisse,Hulst,Zeeland,3102
Ossenwaard,ossenwaard,Zevenaar,Gelderland,
Ossenwaard,ossenwaard,Vijfheerenlanden,Utrecht,2842
Ossenzijl,ossenzijl,Steenwijkerland,Overijssel,2709
Ostaaijen,ostaaijen,Zundert,Noord-Brabant,
Osterbos,osterbos,Horst aan de Maas,Limburg,
Oterleek,oterleek,Alkmaar,Noord-Holland,1888
Othene,othene,Terneuzen,Zeeland,
Otterdijk,otterdijk,Someren,Noord-Brabant,
Otterlo,otterlo,Ede,Gelderland,2767
Ottersum,ottersum,Gennep,Limburg,2480
Ottoland,ottoland,Molenlanden,Zuid-Holland,3628
Oud Annerveen,oud-annerveen,Aa en Hunze,Drenthe,1175
Oud Gastel,oud-gastel,Halderberge,Noord-Brabant,1248
Oud Kerkhof,oud-kerkhof,Tholen,Zeeland,
Oud Lemiers,oud-lemiers,Vaals,Limburg,
Oud Ootmarsum,oud-ootmarsum,Dinkelland,Overijssel,1413
Oud Veeningen,oud-veeningen,De Wolden,Drenthe,
Oud Verlaat,oud-verlaat,Zuidplas,Zuid-Holland,
Oud-Aa,oud-aa,Stichtse Vecht,Utrecht,
Oud Ade,oud-ade,Kaag en Braassem,Zuid-Holland,3540
Oud-Alblas,oud-alblas,Molenlanden,Zuid-Holland,1985
Oud-Avereest,oud-avereest,Hardenberg,Overijssel,
Oud-Beijerland,oud-beijerland,Hoeksche Waard,Zuid-Holland,2793
Oud-Bergentheim,oud-bergentheim,Hardenberg,Overijssel,
Oud-Bodegraven,oud-bodegraven,Bodegraven-Reeuwijk,Zuid-Holland,
Oud-Dijk,oud-dijk,Montferland,Gelderland,
Ouddorp,ouddorp,Goeree-Overflakkee,Zuid-Holland,2932
Oud-Drimmelen,oud-drimmelen,Drimmelen,Noord-Brabant,
Oude Bildtzijl,oude-bildtzijl,Waadhoeke,Fryslân,3328
Oude Kerk,oude-kerk,Beek,Limburg,
Oude Leede,oude-leede,Pijnacker-Nootdorp,Zuid-Holland,
Oude Maasdijk,oude-maasdijk,West Maas en Waal,Gelderland,
Oude Meer,oude-meer,Haarlemmermeer,Noord-Holland,1599
Oude Molen,oude-molen,Bergen op Zoom,Noord-Brabant,
Oude Molen,oude-molen,Deventer,Overijssel,
Oude-Niedorp,oude-niedorp,Hollands Kroon,Noord-Holland,
“Oude Niedorp”,oude-niedorp,Hollands Kroon,Noord-Holland,2519
Oude Pekela,oude-pekela,Pekela,Groningen,1397
Oude Polder,oude-polder,Terneuzen,Zeeland,
Oude Roodehaan,oude-roodehaan,Groningen,Groningen,
Oude Schouw,oude-schouw,Heerenveen,Fryslân,
Oude Statenzijl,oude-statenzijl,Oldambt,Groningen,
Oude Stee,oude-stee,Woensdrecht,Noord-Brabant,
Oude Stoof,oude-stoof,Hulst,Zeeland,
Oude Strumpt,oude-strumpt,Baarle-Nassau,Noord-Brabant,
Oude-Tonge,oude-tonge,Goeree-Overflakkee,Zuid-Holland,2134
Oude Waranda,oude-waranda,Land van Cuijk,Noord-Brabant,
Oude Wetering,oude-wetering,Kaag en Braassem,Zuid-Holland,3039
Oude Wetering,oude-wetering,Kampen,Overijssel,
Oude Wetering,oude-wetering,Kampen,Overijssel,
Oude Wetering,oude-wetering,Zwolle,Overijssel,
Oude Willem,oude-willem,Westerveld,Drenthe,3117
Oudedijk,oudedijk,Oldambt,Groningen,
Oudedorp,oudedorp,Middelburg,Zeeland,
Oudega,oudega,De Fryske Marren,Fryslân,1680
Oudega,oudega,Smallingerland,Fryslân,3286
Oudega,oudega,Súdwest-Fryslân,Fryslân,2417
Oudehaske,oudehaske,De Fryske Marren,Fryslân,3523
Oudehorne,oudehorne,Heerenveen,Fryslân,2195
Oudeland,oudeland,Krimpenerwaard,Zuid-Holland,
Oudeland,oudeland,Sluis,Zeeland,
Oudelande,oudelande,Borsele,Zeeland,1261
Oudemirdum,oudemirdum,De Fryske Marren,Fryslân,1681
Oudemolen,oudemolen,Moerdijk,Noord-Brabant,1320
Oudemolen,oudemolen,Tynaarlo,Drenthe,2917
Oud-Empel,oud-empel,'s-Hertogenbosch,Noord-Brabant,
Oudenbosch,oudenbosch,Halderberge,Noord-Brabant,1246
Oudendijk,oudendijk,Koggenland,Noord-Holland,1188
Oudendijk,oudendijk,Hoeksche Waard,Zuid-Holland,
Oudendijk,oudendijk,Hoeksche Waard,Zuid-Holland,
Oudendijk,oudendijk,Altena,Noord-Brabant,
Oudenhoorn,oudenhoorn,Voorne aan Zee,Zuid-Holland,1388
Oudenmolen,oudenmolen,Heeze-Leende,Noord-Brabant,
Ouderkerk aan de Amstel,ouderkerk-aan-de-amstel,Amstelveen,Noord-Holland,
Ouderkerk aan de Amstel,ouderkerk-aan-de-amstel,Ouder-Amstel,Noord-Holland,2129
Ouderkerk aan den IJssel,ouderkerk-aan-den-ijssel,Krimpenerwaard,Zuid-Holland,2373
Oudeschans,oudeschans,Westerwolde,Groningen,2233
Oudeschild,oudeschild,Texel,Noord-Holland,2743
Oudeschip,oudeschip,Het Hogeland,Groningen,3478
Oudeschoot,oudeschoot,Heerenveen,Fryslân,2188
Oudesluis,oudesluis,Hoeksche Waard,Zuid-Holland,
Oudesluis,oudesluis,Schagen,Noord-Holland,2763
Oudewater,oudewater,Oudewater,Utrecht,1910
Oudewegstervaart,oudewegstervaart,Heerenveen,Fryslân,
Oudezijl,oudezijl,Oldambt,Groningen,1423
Oud-Groevenbeek,oud-groevenbeek,Ermelo,Gelderland,
Oudheusden,oudheusden,Heusden,Noord-Brabant,3519
Oud-Kamerik,oud-kamerik,Woerden,Utrecht,
Oudkarspel,oudkarspel,Dijk en Waard,Noord-Holland,1119
Oudkarspel,oudkarspel,Schagen,Noord-Holland,3290
Oud-Leusden,oud-leusden,Leusden,Utrecht,
Oudleusen,oudleusen,Dalfsen,Overijssel,
Oud-Loosdrecht,oud-loosdrecht,Wijdemeren,Noord-Holland,
Oud-Lutten,oud-lutten,Hardenberg,Overijssel,
Oud-Maarsseveen,oud-maarsseveen,Stichtse Vecht,Utrecht,
Oudorp,oudorp,Alkmaar,Noord-Holland,2350
Oud-Reemst,oud-reemst,Ede,Gelderland,
Oud-Reeuwijk,oud-reeuwijk,Bodegraven-Reeuwijk,Zuid-Holland,
Oud-Roosteren,oud-roosteren,Echt-Susteren,Limburg,
Oud-Sabbinge,oud-sabbinge,Goes,Zeeland,
Oud-Valkenburg,oud-valkenburg,Valkenburg aan de Geul,Limburg,
Oud-Vossemeer,oud-vossemeer,Tholen,Zeeland,2077
Oud-Wulven,oud-wulven,Houten,Utrecht,
Oud-Zevenaar,oud-zevenaar,Zevenaar,Gelderland,
Oud-Zuilen,oud-zuilen,Stichtse Vecht,Utrecht,
“Oud Zuilen”,oud-zuilen,Stichtse Vecht,Utrecht,2066
Oukoop,oukoop,Bodegraven-Reeuwijk,Zuid-Holland,
Oukoop,oukoop,Stichtse Vecht,Utrecht,
Ouwendorp,ouwendorp,Barneveld,Gelderland,
Ouwerkerk,ouwerkerk,Schouwen-Duiveland,Zeeland,2684
Ouwsterhaule,ouwsterhaule,De Fryske Marren,Fryslân,2500
Ouwster-Nijega,ouwster-nijega,De Fryske Marren,Fryslân,2501
Oventje,oventje,Maashorst,Noord-Brabant,
Over de Dijk,over-de-dijk,Westerwolde,Groningen,
Overa,overa,Breda,Noord-Brabant,
Overakker,overakker,Geldrop-Mierlo,Noord-Brabant,
Overasselt,overasselt,Heumen,Gelderland,3496
Overberg,overberg,Utrechtse Heuvelrug,Utrecht,3588
Overberg,overberg,Woensdrecht,Noord-Brabant,
Overbiel,overbiel,Berkelland,Gelderland,
Overboeicop,overboeicop,Vijfheerenlanden,Utrecht,
Overbroek,overbroek,Venray,Limburg,
Overbrug,overbrug,Helmond,Noord-Brabant,
Over-Diemen,over-diemen,Diemen,Noord-Holland,
Overdinkel,overdinkel,Losser,Overijssel,1715
Overeys,overeys,Gulpen-Wittem,Limburg,
Overgeul,overgeul,Gulpen-Wittem,Limburg,
Overhaelen,overhaelen,Leudal,Limburg,
Overheek,overheek,Voerendaal,Limburg,
Overheicop,overheicop,Vijfheerenlanden,Utrecht,
Overlangbroek,overlangbroek,Wijk bij Duurstede,Utrecht,
Overlangel,overlangel,Oss,Noord-Brabant,3263
Overloon,overloon,Land van Cuijk,Noord-Brabant,1220
Overschild,overschild,Midden-Groningen,Groningen,1354
Overschot,overschot,Gemert-Bakel,Noord-Brabant,
Overslag,overslag,Terneuzen,Zeeland,1132
Overslingeland,overslingeland,Molenlanden,Zuid-Holland,
Overveen,overveen,Bloemendaal,Noord-Holland,2653
Overwater,overwater,Hellendoorn,Overijssel,
Overwoud,overwoud,Ede,Gelderland,
Ovezande,ovezande,Borsele,Zeeland,1262
Oxe,oxe,Deventer,Overijssel,
Paal,paal,Hulst,Zeeland,
Paardelanden,paardelanden,De Wolden,Drenthe,
Paarlo,paarlo,Roerdalen,Limburg,
Paasloo,paasloo,Steenwijkerland,Overijssel,2710
Paddepoel,paddepoel,Groningen,Groningen,
Padhuis,padhuis,Coevorden,Drenthe,
Pallert,pallert,Westerwolde,Groningen,
Pandelaarse Kampen,pandelaarse-kampen,Gemert-Bakel,Noord-Brabant,
Pandgat,pandgat,Oirschot,Noord-Brabant,
Panheel,panheel,Maasgouw,Limburg,
Pannenschop,pannenschop,Deurne,Noord-Brabant,
Pannerden,pannerden,Zevenaar,Gelderland,2979
Panningen,panningen,Peel en Maas,Limburg,3443
Papekop,papekop,Oudewater,Utrecht,1911
Papendrecht,papendrecht,Papendrecht,Zuid-Holland,1477
Papenhoven,papenhoven,Sittard-Geleen,Limburg,2818
Papenveer,papenveer,Nieuwkoop,Zuid-Holland,
Papenvoort,papenvoort,Aa en Hunze,Drenthe,1176
Papenvoort,papenvoort,Land van Cuijk,Noord-Brabant,
Park,park,Land van Cuijk,Noord-Brabant,
Parrega,parrega,Súdwest-Fryslân,Fryslân,2319
Partij,partij,Gulpen-Wittem,Limburg,
Pasop,pasop,Westerkwartier,Groningen,
Passewaaij,passewaaij,Tiel,Gelderland,
Passluis,passluis,Terneuzen,Zeeland,
Paterswolde,paterswolde,Tynaarlo,Drenthe,2910
Patrijzenhoek,patrijzenhoek,Hulst,Zeeland,
Pauluspolder,pauluspolder,Hulst,Zeeland,
Peazens,peazens,Noardeast-Fryslân,Fryslân,3409
Peebos,peebos,Westerkwartier,Groningen,
Peeldijk,peeldijk,Laarbeek,Noord-Brabant,
Peelkant,peelkant,Land van Cuijk,Noord-Brabant,
Peelsehuis,peelsehuis,Boekel,Noord-Brabant,
Peelstraat,peelstraat,Boekel,Noord-Brabant,
Peelstraat,peelstraat,Land van Cuijk,Noord-Brabant,
Peerenboom,peerenboom,Altena,Noord-Brabant,
Peest,peest,Noordenveld,Drenthe,1645
Peij,peij,Echt-Susteren,Limburg,
Peins,peins,Waadhoeke,Fryslân,1368
Peize,peize,Noordenveld,Drenthe,1646
Peizermade,peizermade,Noordenveld,Drenthe,
Peizerweg,peizerweg,Groningen,Groningen,
Peizerwold,peizerwold,Noordenveld,Drenthe,
Pelikaan,pelikaan,Moerdijk,Noord-Brabant,
Pelsendijk,pelsendijk,Steenbergen,Noord-Brabant,
Peperga,peperga,Weststellingwerf,Fryslân,1736
Pepinusbrug,pepinusbrug,Echt-Susteren,Limburg,
Pernis,pernis,Rotterdam,Zuid-Holland,
“Pernis Rotterdam”,pernis-rotterdam,Rotterdam,Zuid-Holland,3085
Persingen,persingen,Berg en Dal,Gelderland,2878
Pesaken,pesaken,Gulpen-Wittem,Limburg,
Pesse,pesse,Hoogeveen,Drenthe,1818
Pesse,pesse,Westerveld,Drenthe,3118
Petersburg,petersburg,Ooststellingwerf,Fryslân,
Petten,petten,Schagen,Noord-Holland,2761
Philippine,philippine,Terneuzen,Zeeland,1133
Piaam,piaam,Súdwest-Fryslân,Fryslân,2320
Piekezijl,piekezijl,Súdwest-Fryslân,Fryslân,
Pieperij,pieperij,De Wolden,Drenthe,
Piepert,piepert,Gulpen-Wittem,Limburg,
Pieriksmars,pieriksmars,Deventer,Overijssel,
Piershil,piershil,Hoeksche Waard,Zuid-Holland,2888
Pieterburen,pieterburen,Het Hogeland,Groningen,3423
Pietersbierum,pietersbierum,Waadhoeke,Fryslân,1374
Pieterzijl,pieterzijl,Westerkwartier,Groningen,2125
Pijnacker,pijnacker,Pijnacker-Nootdorp,Zuid-Holland,1141
Pijnenburg,pijnenburg,Soest,Utrecht,
Piksen,piksen,Hellendoorn,Overijssel,
Pikveld,pikveld,Coevorden,Drenthe,
Pingjum,pingjum,Súdwest-Fryslân,Fryslân,2321
Pinke(n)veer (?),pinkenveer-,Molenlanden,Zuid-Holland,
Pinke(n)veer (?),pinkenveer-,Molenlanden,Zuid-Holland,
Pitteperk,pitteperk,Veere,Zeeland,
Plaat,plaat,Gulpen-Wittem,Limburg,
Plaatsluis,plaatsluis,Woensdrecht,Noord-Brabant,
Plaggenborg,plaggenborg,Westerwolde,Groningen,
Plak,plak,Berg en Dal,Gelderland,
Plakkebord,plakkebord,Sluis,Zeeland,
Plankendorp,plankendorp,Noord-Beveland,Zeeland,
Planketent,planketent,Goes,Zeeland,
Plantage,plantage,Doetinchem,Gelderland,
Plantage Centrum,plantage-centrum,Roosendaal,Noord-Brabant,
Plasmolen,plasmolen,Mook en Middelaar,Limburg,2804
Platveld,platveld,Peel en Maas,Limburg,
Plein,plein,Sint-Michielsgestel,Noord-Brabant,
Poederoijen,poederoijen,Zaltbommel,Gelderland,2635
Poederoijensehoek,poederoijensehoek,Zaltbommel,Gelderland,
Poeldijk,poeldijk,Westland,Zuid-Holland,2661
Poeldonk,poeldonk,Sint-Michielsgestel,Noord-Brabant,
Pol,pol,Maasgouw,Limburg,
Polen,polen,Eemsdelta,Groningen,
Polle,polle,De Fryske Marren,Fryslân,
Polsbroek,polsbroek,Lopik,Utrecht,1962
Polsbroekerdam,polsbroekerdam,Lopik,Utrecht,
Polsdonken,polsdonken,Oirschot,Noord-Brabant,
Ponte,ponte,Sluis,Zeeland,
Ponte Avancé,ponte-avanc,Sluis,Zeeland,
Poonhaven,poonhaven,Terneuzen,Zeeland,
Poortugaal,poortugaal,Albrandswaard,Zuid-Holland,2363
Poortvliet,poortvliet,Tholen,Zeeland,2072
Poppendamme,poppendamme,Veere,Zeeland,
Poppenhuizen,poppenhuizen,Heerenveen,Fryslân,
Poppenwier,poppenwier,Súdwest-Fryslân,Fryslân,2533
Portengen,portengen,Stichtse Vecht,Utrecht,
Portengense Brug,portengense-brug,Stichtse Vecht,Utrecht,
Posterenk,posterenk,Voorst,Gelderland,
Posterholt,posterholt,Roerdalen,Limburg,2593
Posthoorn,posthoorn,Oldebroek,Gelderland,
Posthoorn,posthoorn,Terneuzen,Zeeland,
Posthorn (?),posthorn-,Kampen,Overijssel,
Pothoek,pothoek,Hof van Twente,Overijssel,
Prickart,prickart,Simpelveld,Limburg,
Prinsenbeek,prinsenbeek,Breda,Noord-Brabant,1705
Prinsenkamp,prinsenkamp,Nijkerk,Gelderland,
Puiflijk,puiflijk,Druten,Gelderland,2906
Punthorst,punthorst,Staphorst,Overijssel,1049
Purmer,purmer,Edam-Volendam,Noord-Holland,1749
Purmer,purmer,Waterland,Noord-Holland,1946
Purmerbuurt,purmerbuurt,Purmerend,Noord-Holland,
Purmerend,purmerend,Purmerend,Noord-Holland,3103
Purmerland,purmerland,Landsmeer,Noord-Holland,1330
Putbroek,putbroek,Echt-Susteren,Limburg,
Puth,puth,Beekdaelen,Limburg,2102
Putselaar,putselaar,Land van Cuijk,Noord-Brabant,
Putte,putte,Woensdrecht,Noord-Brabant,1003
Putten,putten,Putten,Gelderland,3580
Puttershoek,puttershoek,Hoeksche Waard,Zuid-Holland,2384
Pyramide,pyramide,Sluis,Zeeland,
Quatre Bras,quatre-bras,Lochem,Gelderland,
Quatrebras,quatrebras,Tytsjerksteradiel,Fryslân,
Quirijnstok,quirijnstok,Tilburg,Noord-Brabant,
Raaieind,raaieind,Horst aan de Maas,Limburg,
Raakeind,raakeind,Gilze en Rijen,Noord-Brabant,
Raalte,raalte,Raalte,Overijssel,1491
Raam,raam,Oisterwijk,Noord-Brabant,
Raamberg,raamberg,Zundert,Noord-Brabant,
Raamsdonk,raamsdonk,Geertruidenberg,Noord-Brabant,1752
Raamsdonksveer,raamsdonksveer,Geertruidenberg,Noord-Brabant,1750
Raar,raar,Meerssen,Limburg,
Raard,raard,Noardeast-Fryslân,Fryslân,3410
Raayen,raayen,Overbetuwe,Gelderland,
Radewijk,radewijk,Hardenberg,Overijssel,1559
Radio Kootwijk,radio-kootwijk,Apeldoorn,Gelderland,3563
Raerd,raerd,Súdwest-Fryslân,Fryslân,
Raerd,raerd,Súdwest-Fryslân,Fryslân,2534
Rafelder,rafelder,Oude IJsselstreek,Gelderland,
Rakens,rakens,Alphen-Chaam,Noord-Brabant,
Rakt,rakt,Maashorst,Noord-Brabant,
Rande,rande,Deventer,Overijssel,
Randenburg,randenburg,Bodegraven-Reeuwijk,Zuid-Holland,
Randwijk,randwijk,Overbetuwe,Gelderland,1870
Ransdaal,ransdaal,Voerendaal,Limburg,1854
Ransdorp,ransdorp,Amsterdam,Noord-Holland,
Ranum,ranum,Het Hogeland,Groningen,
Raren,raren,Vaals,Limburg,
Rasquert,rasquert,Het Hogeland,Groningen,2470
Ravensgat,ravensgat,Gemert-Bakel,Noord-Brabant,
Ravenstein,ravenstein,Oss,Noord-Brabant,3254
Ravenswaaij,ravenswaaij,Buren,Gelderland,3382
Ravenswoud,ravenswoud,Ooststellingwerf,Fryslân,1764
Readtsjerk,readtsjerk,Dantumadiel,Fryslân,3272
Reahûs,reahs,Súdwest-Fryslân,Fryslân,2028
Rechteren,rechteren,Dalfsen,Overijssel,
Rectum,rectum,Wierden,Overijssel,
Reedijk,reedijk,Hoeksche Waard,Zuid-Holland,
Reek,reek,Maashorst,Noord-Brabant,1852
Reeth,reeth,Overbetuwe,Gelderland,
Reeuwijk,reeuwijk,Bodegraven-Reeuwijk,Zuid-Holland,2476
Reeuwijk-Brug,reeuwijk-brug,Bodegraven-Reeuwijk,Zuid-Holland,
Reeuwijk-Dorp,reeuwijk-dorp,Bodegraven-Reeuwijk,Zuid-Holland,
Reeve,reeve,Kampen,Overijssel,3559
Reidswâl,reidswl,Noardeast-Fryslân,Fryslân,
Reijerscop,reijerscop,Woerden,Utrecht,
Reijmerstok,reijmerstok,Gulpen-Wittem,Limburg,1227
Reitsum,reitsum,Noardeast-Fryslân,Fryslân,3209
Rekken,rekken,Berkelland,Gelderland,1663
Remmerden,remmerden,Rhenen,Utrecht,
Remswerd,remswerd,Súdwest-Fryslân,Fryslân,
Ren,ren,Gemert-Bakel,Noord-Brabant,
Renesse,renesse,Schouwen-Duiveland,Zeeland,2685
Renkum,renkum,Renkum,Gelderland,2991
Renneborg,renneborg,Westerwolde,Groningen,
Renswoude,renswoude,Renswoude,Utrecht,2141
Respelhoek,respelhoek,Berkelland,Gelderland,
Ressen,ressen,Lingewaard,Gelderland,3137
Retersbeek,retersbeek,Voerendaal,Limburg,
Reth,reth,Baarle-Nassau,Noord-Brabant,
Retranchement,retranchement,Sluis,Zeeland,2970
Reusel,reusel,Reusel-De Mierden,Noord-Brabant,1877
Reuth,reuth,Baarle-Nassau,Noord-Brabant,
Reutje,reutje,Roerdalen,Limburg,
Reutum,reutum,Tubbergen,Overijssel,1293
Reuver,reuver,Beesel,Limburg,1949
Reuzenhoek,reuzenhoek,Terneuzen,Zeeland,
Rewert,rewert,Leeuwarden,Fryslân,
Rha,rha,Bronckhorst,Gelderland,1528
Rhaan,rhaan,Hellendoorn,Overijssel,
Rheden,rheden,Rheden,Gelderland,1501
Rhederbrug,rhederbrug,Westerwolde,Groningen,
Rhederveld,rhederveld,Westerwolde,Groningen,
Rhee,rhee,Assen,Drenthe,2393
Rheebruggen,rheebruggen,De Wolden,Drenthe,
Rheeveld,rheeveld,Midden-Drenthe,Drenthe,
Rheeze,rheeze,Hardenberg,Overijssel,1560
Rheezerveen,rheezerveen,Hardenberg,Overijssel,1561
Rhenen,rhenen,Rhenen,Utrecht,1399
Rhenoy,rhenoy,West Betuwe,Gelderland,3528
Rhienderen,rhienderen,Brummen,Gelderland,
Rhoon,rhoon,Albrandswaard,Zuid-Holland,2362
Ridderbuurt,ridderbuurt,Alphen aan den Rijn,Zuid-Holland,
Ridderkerk,ridderkerk,Ridderkerk,Zuid-Holland,2562
Ried,ried,Waadhoeke,Fryslân,1370
Riel,riel,Eindhoven,Noord-Brabant,
Riel,riel,Goirle,Noord-Brabant,2881
Rien,rien,Súdwest-Fryslân,Fryslân,2029
Rietbroek,rietbroek,Weert,Limburg,
Riethorst,riethorst,Mook en Middelaar,Limburg,
Riethoven,riethoven,Bergeijk,Noord-Brabant,1459
Rietmolen,rietmolen,Berkelland,Gelderland,1657
Rietveld,rietveld,Alphen aan den Rijn,Zuid-Holland,
Rietveld,rietveld,Molenlanden,Zuid-Holland,
Rietveld,rietveld,Woerden,Utrecht,
Rietven,rietven,Boekel,Noord-Brabant,
Rietven,rietven,Eersel,Noord-Brabant,
Rijckholt,rijckholt,Eijsden-Margraten,Limburg,
Rijen,rijen,Gilze en Rijen,Noord-Brabant,2070
Rijkebuurt,rijkebuurt,Borsele,Zeeland,
Rijkel,rijkel,Beesel,Limburg,
Rijkerbeek,rijkerbeek,Meierijstad,Noord-Brabant,
Rijkevoort,rijkevoort,Land van Cuijk,Noord-Brabant,1221
Rijkevoort-De Walsert,rijkevoort-de-walsert,Land van Cuijk,Noord-Brabant,2087
Rijksdorp,rijksdorp,Wassenaar,Zuid-Holland,
Rijnsaterwoude,rijnsaterwoude,Kaag en Braassem,Zuid-Holland,3040
Rijnsburg,rijnsburg,Katwijk,Zuid-Holland,1708
Rijpelberg,rijpelberg,Helmond,Noord-Brabant,
Rijpwetering,rijpwetering,Kaag en Braassem,Zuid-Holland,3546
Rijs,rijs,De Fryske Marren,Fryslân,1682
Rijsbergen,rijsbergen,Zundert,Noord-Brabant,3490
Rijsberkampen,rijsberkampen,Weststellingwerf,Fryslân,
Rijsdam,rijsdam,Westerwolde,Groningen,
Rijsenhout,rijsenhout,Haarlemmermeer,Noord-Holland,1601
Rijsoord,rijsoord,Ridderkerk,Zuid-Holland,
Rijssen,rijssen,Rijssen-Holten,Overijssel,1566
Rijswijk,rijswijk,Buren,Gelderland,
Rijswijk,rijswijk,Rijswijk,Zuid-Holland,2459
Rijswijk,rijswijk,Altena,Noord-Brabant,
“Rijswijk (NB)”,rijswijk-nb,Altena,Noord-Brabant,3303
Rijswijk,rijswijk,Buren,Gelderland,
“Rijswijk (GLD)”,rijswijk-gld,Buren,Gelderland,3383
Rijt,rijt,Bergeijk,Noord-Brabant,
Rijtseterp,rijtseterp,Súdwest-Fryslân,Fryslân,
Rilland,rilland,Reimerswaal,Zeeland,3465
Rimburg,rimburg,Landgraaf,Limburg,
Rimpelt,rimpelt,Bergen,Limburg,
Rinkesfort,rinkesfort,Peel en Maas,Limburg,
Rinkveld,rinkveld,Asten,Noord-Brabant,
Rinsumageast,rinsumageast,Dantumadiel,Fryslân,3270
Rith,rith,Breda,Noord-Brabant,
Ritsumasyl,ritsumasyl,Waadhoeke,Fryslân,
Ritthem,ritthem,Vlissingen,Zeeland,1077
Rockanje,rockanje,Voorne aan Zee,Zuid-Holland,1210
Rode Sluis,rode-sluis,Terneuzen,Zeeland,
Roden,roden,Noordenveld,Drenthe,1647
Roderesch,roderesch,Noordenveld,Drenthe,3633
Roderwolde,roderwolde,Noordenveld,Drenthe,1649
Roebolligehoek,roebolligehoek,Zwartewaterland,Overijssel,
Roekebosch,roekebosch,Steenwijkerland,Overijssel,
Roekel,roekel,Ede,Gelderland,
Roelage,roelage,Westerwolde,Groningen,
Roelofarendsveen,roelofarendsveen,Kaag en Braassem,Zuid-Holland,3042
Roelshoek,roelshoek,Reimerswaal,Zeeland,
Roermond,roermond,Roermond,Limburg,2281
Roeven,roeven,Nederweert,Limburg,
Rogat,rogat,Meppel,Drenthe,1084
Roggel,roggel,Leudal,Limburg,2955
Roggelsedijk,roggelsedijk,Peel en Maas,Limburg,
Rohel,rohel,Achtkarspelen,Fryslân,
Rohel,rohel,De Fryske Marren,Fryslân,2502
Rolaf,rolaf,Steenbergen,Noord-Brabant,
Rolde,rolde,Aa en Hunze,Drenthe,1177
Roligt,roligt,Leudal,Limburg,
Rollecate,rollecate,Staphorst,Overijssel,
Rolpaal,rolpaal,Westland,Zuid-Holland,
Rome,rome,Maasdriel,Gelderland,
Ronduite,ronduite,Steenwijkerland,Overijssel,
Rondveld,rondveld,Land van Cuijk,Noord-Brabant,
Roodehaan,roodehaan,Groningen,Groningen,
Roodenhoek,roodenhoek,Sluis,Zeeland,
Roodeschool,roodeschool,Het Hogeland,Groningen,3479
Roodeschuur,roodeschuur,Achtkarspelen,Fryslân,
Roodewijk,roodewijk,Goes,Zeeland,
Roond,roond,Boxtel,Noord-Brabant,
Roordahuizum,roordahuizum,Leeuwarden,Fryslân,2535
Roosberg,roosberg,Breda,Noord-Brabant,
Roosendaal,roosendaal,Roosendaal,Noord-Brabant,1588
Roosteren,roosteren,Echt-Susteren,Limburg,2046
Rooth,rooth,Peel en Maas,Limburg,
Roptazijl,roptazijl,Waadhoeke,Fryslân,
Rosengaarde,rosengaarde,Dalfsen,Overijssel,
Roskam,roskam,Roerdalen,Limburg,
Rosmalen,rosmalen,'s-Hertogenbosch,Noord-Brabant,1596
Rossum,rossum,Dinkelland,Overijssel,1414
Rossum,rossum,Maasdriel,Gelderland,1630
Roswinkel,roswinkel,Emmen,Drenthe,1997
Rothem,rothem,Meerssen,Limburg,
Rothenbach,rothenbach,Roerdalen,Limburg,
Rotstergaast,rotstergaast,De Fryske Marren,Fryslân,2503
Rotsterhaule,rotsterhaule,De Fryske Marren,Fryslân,2504
Rott,rott,Vaals,Limburg,
Rotterdam,rotterdam,Rotterdam,Zuid-Holland,3086
Rotterdam,rotterdam,Albrandswaard,Zuid-Holland,
“Rotterdam-Albrandswaard”,rotterdam-albrandswaard,Albrandswaard,Zuid-Holland,2364
Rottevalle,rottevalle,Smallingerland,Fryslân,3287
Rottum,rottum,De Fryske Marren,Fryslân,2505
Rottum,rottum,Het Hogeland,Groningen,3480
Rouveen,rouveen,Staphorst,Overijssel,1047
Roverberg,roverberg,Hulst,Zeeland,
Rozenburg,rozenburg,Haarlemmermeer,Noord-Holland,1598
Rozenburg,rozenburg,Rotterdam,Zuid-Holland,2437
Rozendaal,rozendaal,Krimpenerwaard,Zuid-Holland,
Rozendaal,rozendaal,Rozendaal,Gelderland,2927
Rucphen,rucphen,Rucphen,Noord-Brabant,2581
Rugdijk,rugdijk,Tilburg,Noord-Brabant,
Ruigahuizen,ruigahuizen,De Fryske Marren,Fryslân,1683
Ruigenhoek,ruigenhoek,Noordwijk,Zuid-Holland,
Ruigeweide,ruigeweide,Oudewater,Utrecht,
Ruigezand,ruigezand,Westerkwartier,Groningen,
Ruigoord,ruigoord,Amsterdam,Noord-Holland,
Ruimel,ruimel,Sint-Michielsgestel,Noord-Brabant,
Ruinen,ruinen,De Wolden,Drenthe,3169
Ruinen,ruinen,Westerveld,Drenthe,3119
Ruinerweide,ruinerweide,De Wolden,Drenthe,
Ruinerwold,ruinerwold,De Wolden,Drenthe,3170
Ruischendegat,ruischendegat,Hulst,Zeeland,
Ruischerbrug,ruischerbrug,Groningen,Groningen,
Ruiten,ruiten,Midden-Groningen,Groningen,
Ruitenveen,ruitenveen,Dalfsen,Overijssel,
Rukven,rukven,Bernheze,Noord-Brabant,
Rul,rul,Heeze-Leende,Noord-Brabant,
Rullen,rullen,"Nuenen, Gerwen en Nederwetten",Noord-Brabant,
Rumpt,rumpt,West Betuwe,Gelderland,3215
Rusven,rusven,Maashorst,Noord-Brabant,
Rutbeek,rutbeek,Enschede,Overijssel,
Rutten,rutten,Noordoostpolder,Flevoland,1282
Ruurlo,ruurlo,Berkelland,Gelderland,1658
Ryptsjerk,ryptsjerk,Tytsjerksteradiel,Fryslân,2445
Saaksum,saaksum,Westerkwartier,Groningen,2126
Saasveld,saasveld,Dinkelland,Overijssel,1415
Saaxumhuizen,saaxumhuizen,Het Hogeland,Groningen,2471
Salverd,salverd,Waadhoeke,Fryslân,
Sambeek,sambeek,Land van Cuijk,Noord-Brabant,1222
Sânbulten,snbulten,Noardeast-Fryslân,Fryslân,
Sandebuur,sandebuur,Noordenveld,Drenthe,
Sandfirden,sandfirden,Súdwest-Fryslân,Fryslân,2418
Santfort,santfort,Leudal,Limburg,
Santpoort-Noord,santpoort-noord,Velsen,Noord-Holland,2837
Santpoort-Zuid,santpoort-zuid,Velsen,Noord-Holland,2838
Sappemeer,sappemeer,Midden-Groningen,Groningen,1021
Sas van Gent,sas-van-gent,Terneuzen,Zeeland,1134
Sasput,sasput,Sluis,Zeeland,
Sassenheim,sassenheim,Teylingen,Zuid-Holland,2003
Sauwerd,sauwerd,Het Hogeland,Groningen,2472
Schaapbulten,schaapbulten,Eemsdelta,Groningen,
Schaaphok,schaaphok,Midden-Groningen,Groningen,
Schaapsbrug,schaapsbrug,Leudal,Limburg,
Schaarsbergen,schaarsbergen,Arnhem,Gelderland,
Schadewijk,schadewijk,Eersel,Noord-Brabant,
Schadijk,schadijk,Horst aan de Maas,Limburg,
Schadron,schadron,Maashorst,Noord-Brabant,
Schaesberg,schaesberg,Landgraaf,Limburg,
Schafelt,schafelt,Peel en Maas,Limburg,
Schafferden,schafferden,Land van Cuijk,Noord-Brabant,
Schaft,schaft,Valkenswaard,Noord-Brabant,
Schagen,schagen,Schagen,Noord-Holland,2460
Schagerbrug,schagerbrug,Schagen,Noord-Holland,2756
Schaijk,schaijk,Maashorst,Noord-Brabant,1851
Schalkhaar,schalkhaar,Deventer,Overijssel,2860
Schalkwijk,schalkwijk,Houten,Utrecht,2056
Schalsum,schalsum,Waadhoeke,Fryslân,1369
Schaluinen,schaluinen,Baarle-Nassau,Noord-Brabant,
Schandelo,schandelo,Venlo,Limburg,
Schans,schans,Deurne,Noord-Brabant,
Schans,schans,Halderberge,Noord-Brabant,
Schans,schans,Leudal,Limburg,
Schans,schans,Altena,Noord-Brabant,
Schans,schans,Westervoort,Gelderland,
Schapenbout,schapenbout,Terneuzen,Zeeland,
Schapershoek,schapershoek,Hulst,Zeeland,
Schardam,schardam,Edam-Volendam,Noord-Holland,1842
Scharendijke,scharendijke,Schouwen-Duiveland,Zeeland,2686
Scharl,scharl,Súdwest-Fryslân,Fryslân,
Scharmer,scharmer,Midden-Groningen,Groningen,1355
Scharneburen,scharneburen,Súdwest-Fryslân,Fryslân,
Scharnegoutum,scharnegoutum,Súdwest-Fryslân,Fryslân,2419
Scharsterbrug,scharsterbrug,De Fryske Marren,Fryslân,2506
Scharwoude,scharwoude,Koggenland,Noord-Holland,1189
Schaveren,schaveren,Epe,Gelderland,
Scheemda,scheemda,Oldambt,Groningen,1893
Scheemdermeer,scheemdermeer,Oldambt,Groningen,
Scheemderzwaag,scheemderzwaag,Oldambt,Groningen,
Scheendijk,scheendijk,Stichtse Vecht,Utrecht,
Scheepstal,scheepstal,Helmond,Noord-Brabant,
Scheerwolde,scheerwolde,Steenwijkerland,Overijssel,2711
Scheide,scheide,Venray,Limburg,
Scheldevaartshoek,scheldevaartshoek,Hulst,Zeeland,
Schelfhorst,schelfhorst,Tynaarlo,Drenthe,
Schellach,schellach,Middelburg,Zeeland,
Schellingwoude,schellingwoude,Amsterdam,Noord-Holland,
Schellinkhout,schellinkhout,Drechterland,Noord-Holland,1511
Schelluinen,schelluinen,Molenlanden,Zuid-Holland,1437
Schelm,schelm,Deurne,Noord-Brabant,
Schenkeldijk,schenkeldijk,Hoeksche Waard,Zuid-Holland,
Schependom,schependom,Berkelland,Gelderland,
Schermerhorn,schermerhorn,Alkmaar,Noord-Holland,1889
Scherpbier,scherpbier,Sluis,Zeeland,
Scherpenering,scherpenering,Eersel,Noord-Brabant,
Scherpenisse,scherpenisse,Tholen,Zeeland,2073
Scherpenzeel,scherpenzeel,Scherpenzeel,Gelderland,2135
Scherpenzeel,scherpenzeel,Weststellingwerf,Fryslân,1737
Schettens,schettens,Súdwest-Fryslân,Fryslân,2322
Scheulder,scheulder,Eijsden-Margraten,Limburg,1697
Schey,schey,Eijsden-Margraten,Limburg,
Schiedam,schiedam,Schiedam,Zuid-Holland,1935
Schiermonnikoog,schiermonnikoog,Schiermonnikoog,Fryslân,2428
Schietecoven,schietecoven,Meerssen,Limburg,
Schieven,schieven,Assen,Drenthe,
(De) Schifpot,de-schifpot,Westerkwartier,Groningen,
Schijf,schijf,Rucphen,Noord-Brabant,2582
Schijndel,schijndel,Meierijstad,Noord-Brabant,2139
Schilberg,schilberg,Echt-Susteren,Limburg,
Schilberg,schilberg,Eijsden-Margraten,Limburg,
Schilberg,schilberg,Gulpen-Wittem,Limburg,
Schildwolde,schildwolde,Midden-Groningen,Groningen,1356
Schillersheide,schillersheide,Leudal,Limburg,
Schilligeham,schilligeham,Het Hogeland,Groningen,
Schimmelarij,schimmelarij,Coevorden,Drenthe,
Schimmert,schimmert,Beekdaelen,Limburg,2360
Schin op Geul,schin-op-geul,Valkenburg aan de Geul,Limburg,1717
Schinnen,schinnen,Beekdaelen,Limburg,2103
Schinveld,schinveld,Beekdaelen,Limburg,2848
Schipborg,schipborg,Aa en Hunze,Drenthe,1178
Schiphol,schiphol,Haarlemmermeer,Noord-Holland,1618
Schiphol-Rijk,schiphol-rijk,Haarlemmermeer,Noord-Holland,1604
Schipluiden,schipluiden,Midden-Delfland,Zuid-Holland,2805
Schipperskerk,schipperskerk,Sittard-Geleen,Limburg,
Schoelieberg,schoelieberg,Woensdrecht,Noord-Brabant,
Schokland,schokland,Noordoostpolder,Flevoland,1277
Schoolbuurt,schoolbuurt,Hof van Twente,Overijssel,
Schoonbron,schoonbron,Valkenburg aan de Geul,Limburg,
Schoondijke,schoondijke,Sluis,Zeeland,2971
Schoondorp,schoondorp,Tholen,Zeeland,
Schoonebeek,schoonebeek,Emmen,Drenthe,1998
Schoonenburg,schoonenburg,Heumen,Gelderland,
Schoonhoven,schoonhoven,Krimpenerwaard,Zuid-Holland,2390
Schoonloo,schoonloo,Aa en Hunze,Drenthe,1179
Schoonoord,schoonoord,Coevorden,Drenthe,2161
Schoonouwen,schoonouwen,Krimpenerwaard,Zuid-Holland,
Schoonrewoerd,schoonrewoerd,Vijfheerenlanden,Utrecht,2272
Schoor,schoor,Nederweert,Limburg,
Schoor,schoor,Meierijstad,Noord-Brabant,
Schoor,schoor,Venray,Limburg,
Schoordijk,schoordijk,Cranendonck,Noord-Brabant,
Schoorl,schoorl,Bergen,Noord-Holland,3045
Schoorldam,schoorldam,Schagen,Noord-Holland,
Schoorstraat,schoorstraat,Tilburg,Noord-Brabant,
Schoorveld,schoorveld,Peel en Maas,Limburg,
Schoot,schoot,Veldhoven,Noord-Brabant,
Schore,schore,Kapelle,Zeeland,1469
Schorebrug,schorebrug,Reimerswaal,Zeeland,
Schoterzijl,schoterzijl,De Fryske Marren,Fryslân,
Schotsheuvel,schotsheuvel,'s-Hertogenbosch,Noord-Brabant,
Schottershuizen,schottershuizen,De Wolden,Drenthe,
Schouw,schouw,Gemert-Bakel,Noord-Brabant,
Schouw,schouw,De Fryske Marren,Fryslân,
Schouwen,schouwen,Het Hogeland,Groningen,
Schouwerzijl,schouwerzijl,Het Hogeland,Groningen,3424
Schraard,schraard,Súdwest-Fryslân,Fryslân,2323
Schrapveen,schrapveen,De Wolden,Drenthe,
Schreierswijk,schreierswijk,Aa en Hunze,Drenthe,
Schuddebeurs,schuddebeurs,Hulst,Zeeland,
Schuddebeurs,schuddebeurs,Schouwen-Duiveland,Zeeland,
Schuilenburg,schuilenburg,Hellendoorn,Overijssel,
Schuinesloot,schuinesloot,Hardenberg,Overijssel,1562
Schurenberg,schurenberg,Heerlen,Limburg,
Schuring,schuring,Hoeksche Waard,Zuid-Holland,
Schutsboom,schutsboom,Gemert-Bakel,Noord-Brabant,
Schutwijk,schutwijk,Emmen,Drenthe,
Schuwacht,schuwacht,Krimpenerwaard,Zuid-Holland,
Schweiberg,schweiberg,Gulpen-Wittem,Limburg,
Sebaldeburen,sebaldeburen,Westerkwartier,Groningen,2181
Seerijp,seerijp,Terschelling,Fryslân,2620
Sellingen,sellingen,Westerwolde,Groningen,2295
Sellingerbeetse,sellingerbeetse,Westerwolde,Groningen,
Selmien,selmien,Opsterland,Fryslân,
Selwerd,selwerd,Groningen,Groningen,
Selwerd,selwerd,Westerkwartier,Groningen,
Sengelsbroek,sengelsbroek,Bergeijk,Noord-Brabant,
Serooskerke,serooskerke,Schouwen-Duiveland,Zeeland,2687
Serooskerke,serooskerke,Veere,Zeeland,2782
Seters,seters,Oosterhout,Noord-Brabant,
Sevenum,sevenum,Horst aan de Maas,Limburg,1515
Sexbierum,sexbierum,Waadhoeke,Fryslân,1373
Sibbe,sibbe,Valkenburg aan de Geul,Limburg,
Sibculo,sibculo,Hardenberg,Overijssel,1563
Sibculo,sibculo,Twenterand,Overijssel,3324
Siberië,siberi,Hoogeveen,Drenthe,
Sibrandabuorren,sibrandabuorren,Súdwest-Fryslân,Fryslân,2536
Sibrandabuorren,sibrandabuorren,Súdwest-Fryslân,Fryslân,
Sibrandahûs,sibrandahs,Dantumadiel,Fryslân,3274
Siddeburen,siddeburen,Midden-Groningen,Groningen,1357
Siebengewald,siebengewald,Bergen,Limburg,1123
Siegerswoude,siegerswoude,Opsterland,Fryslân,3354
Sigerswâld,sigerswld,Tytsjerksteradiel,Fryslân,
Sijbekarspel,sijbekarspel,Medemblik,Noord-Holland,3156
Silvolde,silvolde,Oude IJsselstreek,Gelderland,1578
Simonshaven,simonshaven,Nissewaard,Zuid-Holland,1389
Simpelveld,simpelveld,Simpelveld,Limburg,3065
Sinderen,sinderen,Oude IJsselstreek,Gelderland,1579
Sinoutskerke,sinoutskerke,Borsele,Zeeland,
Sinselbeek,sinselbeek,Gulpen-Wittem,Limburg,
Sint Agatha,sint-agatha,Land van Cuijk,Noord-Brabant,1454
Sint Andries,sint-andries,Maasdriel,Gelderland,
Sint-Annaland,sint-annaland,Tholen,Zeeland,2076
Sint Anna ter Muiden,sint-anna-ter-muiden,Sluis,Zeeland,
St.-Annaparochie,st-annaparochie,Waadhoeke,Fryslân,3331
Sint Annen,sint-annen,Groningen,Groningen,1834
Sint Annerhuisjes,sint-annerhuisjes,Het Hogeland,Groningen,
Sint Anthoniepolder,sint-anthoniepolder,Hoeksche Waard,Zuid-Holland,
Sint Anthonis,sint-anthonis,Land van Cuijk,Noord-Brabant,2083
Sint Antoniusbank,sint-antoniusbank,Eijsden-Margraten,Limburg,
Sint Geertruid,sint-geertruid,Eijsden-Margraten,Limburg,1698
Sint Hubert,sint-hubert,Land van Cuijk,Noord-Brabant,1977
Sint Isidorushoeve,sint-isidorushoeve,Haaksbergen,Overijssel,
St.-Jacobiparochie,st-jacobiparochie,Waadhoeke,Fryslân,3332
Sint Janskerke,sint-janskerke,Veere,Zeeland,
Sint Jansklooster,sint-jansklooster,Steenwijkerland,Overijssel,2712
Sint Jansteen,sint-jansteen,Hulst,Zeeland,3089
Sint Joost,sint-joost,Echt-Susteren,Limburg,2044
Sint Kruis,sint-kruis,Sluis,Zeeland,2973
Sint Laurens,sint-laurens,Middelburg,Zeeland,
Sint Maarten,sint-maarten,Schagen,Noord-Holland,3291
Sint Maartensbrug,sint-maartensbrug,Schagen,Noord-Holland,2759
Sint Maartensvlotbrug,sint-maartensvlotbrug,Schagen,Noord-Holland,2760
Sint Maartenszee,sint-maartenszee,Schagen,Noord-Holland,
Sint Nicolaasga,sint-nicolaasga,De Fryske Marren,Fryslân,2507
Sint Odiliënberg,sint-odilinberg,Roerdalen,Limburg,2594
Sint Pancras,sint-pancras,Dijk en Waard,Noord-Holland,1115
Sint Vitusholt,sint-vitusholt,Oldambt,Groningen,
Sint-Annaland,sint-annaland,Tholen,Zeeland,
Sintjohannesga,sintjohannesga,De Fryske Marren,Fryslân,2508
Sint-Maartensdijk,sint-maartensdijk,Tholen,Zeeland,2074
Sint-Michielsgestel,sint-michielsgestel,Sint-Michielsgestel,Noord-Brabant,2060
Sint-Oedenrode,sint-oedenrode,Meierijstad,Noord-Brabant,2787
Sint-Philipsland,sint-philipsland,Tholen,Zeeland,2078
Sion,sion,Rijswijk,Zuid-Holland,
Sirjansland,sirjansland,Schouwen-Duiveland,Zeeland,2688
Sittard,sittard,Sittard-Geleen,Limburg,3512
Sjungadijk,sjungadijk,Súdwest-Fryslân,Fryslân,
Skillaerd,skillaerd,Leeuwarden,Fryslân,
Skingen,skingen,Waadhoeke,Fryslân,2732
Skoar,skoar,Noardeast-Fryslân,Fryslân,
Skrins,skrins,Leeuwarden,Fryslân,
Skûlenboarch,sklenboarch,Tytsjerksteradiel,Fryslân,
Skyldum,skyldum,Waadhoeke,Fryslân,
Slabroek,slabroek,Maashorst,Noord-Brabant,
Slagharen,slagharen,Hardenberg,Overijssel,1564
Slaperstil,slaperstil,Groningen,Groningen,
Slappeterp,slappeterp,Waadhoeke,Fryslân,2733
Sleeburg,sleeburg,Heumen,Gelderland,
Sleen,sleen,Coevorden,Drenthe,2162
Sleeuwijk,sleeuwijk,Altena,Noord-Brabant,2217
Slegge,slegge,Westerwolde,Groningen,
Slek,slek,Echt-Susteren,Limburg,
Slenaken,slenaken,Gulpen-Wittem,Limburg,1229
Slichtenhorst,slichtenhorst,Nijkerk,Gelderland,
Sliedrecht,sliedrecht,Sliedrecht,Zuid-Holland,2438
Sliffert,sliffert,Eindhoven,Noord-Brabant,
Slijkenburg,slijkenburg,Weststellingwerf,Fryslân,1738
Slijk-Ewijk,slijk-ewijk,Overbetuwe,Gelderland,1871
Slijkplaat,slijkplaat,Sluis,Zeeland,
Slijkwell,slijkwell,Maasdriel,Gelderland,
Slikkenburg,slikkenburg,Bergen op Zoom,Noord-Brabant,
Slikkenburg,slikkenburg,Sluis,Zeeland,
Slikkendam,slikkendam,Nieuwkoop,Zuid-Holland,
Slingenberg,slingenberg,Staphorst,Overijssel,
Slochteren,slochteren,Midden-Groningen,Groningen,1358
Sloot,sloot,Deurne,Noord-Brabant,
Slootdorp,slootdorp,Hollands Kroon,Noord-Holland,2435
Sloten,sloten,De Fryske Marren,Fryslân,1684
Sluipwijk,sluipwijk,Bodegraven-Reeuwijk,Zuid-Holland,
Sluis,sluis,Hulst,Zeeland,
Sluis,sluis,Sluis,Zeeland,2962
Sluis,sluis,Tholen,Zeeland,
Sluis,sluis,Vijfheerenlanden,Utrecht,
Sluis 13,sluis-13,Someren,Noord-Brabant,
Sluis 5,sluis-5,Hardenberg,Overijssel,
Sluis 6,sluis-6,Hardenberg,Overijssel,
Sluis 7,sluis-7,Hardenberg,Overijssel,
Sluis De Piet,sluis-de-piet,Goes,Zeeland,
Sluiskil,sluiskil,Terneuzen,Zeeland,1135
Smakt,smakt,Venray,Limburg,2334
Smal,smal,Bergen,Limburg,
Smalbroek,smalbroek,Midden-Drenthe,Drenthe,
Smalbroek,smalbroek,Midden-Drenthe,Drenthe,
Smalbroek,smalbroek,Westerveld,Drenthe,
Smalle Ee,smalle-ee,Smallingerland,Fryslân,3288
Smallebrugge,smallebrugge,Súdwest-Fryslân,Fryslân,2420
Smedekensbrugge,smedekensbrugge,Sluis,Zeeland,
Smeerling,smeerling,Stadskanaal,Groningen,
Smele,smele,Gennep,Limburg,
Smidstraat,smidstraat,Leudal,Limburg,
Smilde,smilde,Midden-Drenthe,Drenthe,3021
Smitshoek,smitshoek,Barendrecht,Zuid-Holland,
's-Molenaarsbuurt,s-molenaarsbuurt,Alphen aan den Rijn,Zuid-Holland,
Snakkerburen,snakkerburen,Leeuwarden,Fryslân,1200
Sneek,sneek,Súdwest-Fryslân,Fryslân,3504
Sneidershoek,sneidershoek,Eersel,Noord-Brabant,
Snelleveld,snelleveld,West Betuwe,Gelderland,
Snelrewaard,snelrewaard,Oudewater,Utrecht,1912
Snepseind,snepseind,Oirschot,Noord-Brabant,
Snijdersberg,snijdersberg,Meerssen,Limburg,
Snijders-Chaam,snijders-chaam,Alphen-Chaam,Noord-Brabant,
Snikzwaag,snikzwaag,De Fryske Marren,Fryslân,2509
Snodenhoek,snodenhoek,Overbetuwe,Gelderland,
Snorrenhoef,snorrenhoef,Leusden,Utrecht,
Soerendonk,soerendonk,Cranendonck,Noord-Brabant,1569
Soest,soest,Soest,Utrecht,1013
Soestdijk,soestdijk,Baarn,Utrecht,
Soestduinen,soestduinen,Soest,Utrecht,
Soesterberg,soesterberg,Soest,Utrecht,1014
Soeterbeek,soeterbeek,Peel en Maas,Limburg,
Solwerd,solwerd,Eemsdelta,Groningen,
Someren,someren,Someren,Noord-Brabant,2745
Someren-Eind,someren-eind,Someren,Noord-Brabant,
Someren-Heide,someren-heide,Someren,Noord-Brabant,
Sommelsdijk,sommelsdijk,Goeree-Overflakkee,Zuid-Holland,3145
Son,son,Son en Breugel,Noord-Brabant,
Son en Breugel,son-en-breugel,Son en Breugel,Noord-Brabant,3520
Sondel,sondel,De Fryske Marren,Fryslân,1685
Sonnega,sonnega,Weststellingwerf,Fryslân,1739
Sonniuswijk,sonniuswijk,Son en Breugel,Noord-Brabant,
Sopsum,sopsum,Waadhoeke,Fryslân,
Sorremorre,sorremorre,Heerenveen,Fryslân,
Spaanrijt,spaanrijt,Bergeijk,Noord-Brabant,
Spaansehoek,spaansehoek,Goirle,Noord-Brabant,
Spaanshuisken,spaanshuisken,Echt-Susteren,Limburg,
Spaarndam,spaarndam,Haarlem,Noord-Holland,
“Spaarndam gem. Haarlem”,spaarndam-gem-haarlem,Haarlem,Noord-Holland,2908
Spaarndam,spaarndam,Haarlemmermeer,Noord-Holland,3534
Spanbroek,spanbroek,Opmeer,Noord-Holland,2792
Spanga,spanga,Weststellingwerf,Fryslân,1740
Spankeren,spankeren,Rheden,Gelderland,1505
Spannenburg,spannenburg,De Fryske Marren,Fryslân,
Spannum,spannum,Waadhoeke,Fryslân,2030
Sparjebird,sparjebird,Opsterland,Fryslân,
Spaubeek,spaubeek,Beek,Limburg,1671
Speers,speers,Súdwest-Fryslân,Fryslân,
Spekhoek,spekhoek,Voorst,Gelderland,
Spekklef,spekklef,Land van Cuijk,Noord-Brabant,
Spekt,spekt,"Nuenen, Gerwen en Nederwetten",Noord-Brabant,
Spengen,spengen,Stichtse Vecht,Utrecht,
Speuld,speuld,Ermelo,Gelderland,
Speurgt,speurgt,Gemert-Bakel,Noord-Brabant,
Spier,spier,Midden-Drenthe,Drenthe,3022
Spier,spier,Westerveld,Drenthe,3120
Spierdijk,spierdijk,Koggenland,Noord-Holland,1190
Spiesberg,spiesberg,Peel en Maas,Limburg,
Spijk,spijk,Altena,Noord-Brabant,
Spijk,spijk,Eemsdelta,Groningen,
“Spijk Gn”,spijk-gn,Eemsdelta,Groningen,3241
Spijk,spijk,West Betuwe,Gelderland,2356
Spijk,spijk,Zevenaar,Gelderland,2980
Spijkenisse,spijkenisse,Nissewaard,Zuid-Holland,3032
Spijkerboor,spijkerboor,Aa en Hunze,Drenthe,1180
Spijkerboor,spijkerboor,Wormerland,Noord-Holland,2286
Spik,spik,Roermond,Limburg,
Spinolaberg,spinolaberg,Bergen op Zoom,Noord-Brabant,
Spitsbergen,spitsbergen,Midden-Groningen,Groningen,
Spitsendijk,spitsendijk,Heerenveen,Fryslân,
Spoelwijk,spoelwijk,Alphen aan den Rijn,Zuid-Holland,
Sponturfwijk,sponturfwijk,Hardenberg,Overijssel,
Spoolde,spoolde,Zwolle,Overijssel,
Spoorbuurt,spoorbuurt,Hollands Kroon,Noord-Holland,
Spoordonk,spoordonk,Oirschot,Noord-Brabant,
Sprang,sprang,Waalwijk,Noord-Brabant,
Sprang-Capelle,sprang-capelle,Waalwijk,Noord-Brabant,2596
Sprangsevaart,sprangsevaart,Loon op Zand,Noord-Brabant,
Sprong,sprong,Leeuwarden,Fryslân,
Sprundel,sprundel,Rucphen,Noord-Brabant,2583
Spui,spui,Terneuzen,Zeeland,1136
Spurkt,spurkt,Peel en Maas,Limburg,
St. Willebrord,st-willebrord,Rucphen,Noord-Brabant,2584
Stad aan 't Haringvliet,stad-aan-t-haringvliet,Goeree-Overflakkee,Zuid-Holland,3146
Stad van Gerwen,stad-van-gerwen,"Nuenen, Gerwen en Nederwetten",Noord-Brabant,
Stadse Dijk,stadse-dijk,Moerdijk,Noord-Brabant,
Stadskanaal,stadskanaal,Stadskanaal,Groningen,3074
Stadterij,stadterij,Hoogeveen,Drenthe,
Stakenborg,stakenborg,Westerwolde,Groningen,
Stampersgat,stampersgat,Halderberge,Noord-Brabant,1247
Standdaarbuiten,standdaarbuiten,Moerdijk,Noord-Brabant,1324
Staphorst,staphorst,Staphorst,Overijssel,1046
Starnmeer,starnmeer,Alkmaar,Noord-Holland,3555
Startenhuizen,startenhuizen,Het Hogeland,Groningen,3481
Startenhuizen,startenhuizen,Eemsdelta,Groningen,3452
Startwijk,startwijk,Land van Cuijk,Noord-Brabant,
Statenboom,statenboom,Hulst,Zeeland,
Statendam,statendam,Geertruidenberg,Noord-Brabant,
Stationsbuurt,stationsbuurt,Reimerswaal,Zeeland,
Stavenisse,stavenisse,Tholen,Zeeland,2075
Staverden,staverden,Ermelo,Gelderland,
Stavoren,stavoren,Súdwest-Fryslân,Fryslân,1969
Stedum,stedum,Eemsdelta,Groningen,3453
Steeg,steeg,Horst aan de Maas,Limburg,
Steelhoven,steelhoven,Drimmelen,Noord-Brabant,
Steenbergen,steenbergen,De Wolden,Drenthe,
Steenbergen,steenbergen,Noordenveld,Drenthe,3634
Steenbergen,steenbergen,Steenbergen,Noord-Brabant,1405
Steendam,steendam,Midden-Groningen,Groningen,1359
Steenderen,steenderen,Bronckhorst,Gelderland,1526
Steenenkamer,steenenkamer,Putten,Gelderland,
Steenenkamer,steenenkamer,Voorst,Gelderland,2608
Steenenkruis,steenenkruis,Tholen,Zeeland,
Steenhoven,steenhoven,Sluis,Zeeland,
Steenoven,steenoven,Oosterhout,Noord-Brabant,
Steenoven,steenoven,Peel en Maas,Limburg,
Steenovens,steenovens,Terneuzen,Zeeland,
Steenpaal,steenpaal,Rucphen,Noord-Brabant,
Steenplaats,steenplaats,Hoeksche Waard,Zuid-Holland,
Steensel,steensel,Eersel,Noord-Brabant,2995
Steenwijk,steenwijk,Steenwijkerland,Overijssel,2713
Steenwijkerwold,steenwijkerwold,Steenwijkerland,Overijssel,2714
Steenwijksmoer,steenwijksmoer,Coevorden,Drenthe,
Stegen,stegen,Asten,Noord-Brabant,
Stegeren,stegeren,Ommen,Overijssel,2553
Stegerveld,stegerveld,Ommen,Overijssel,
Steggerda,steggerda,Weststellingwerf,Fryslân,1741
Stein,stein,Krimpenerwaard,Zuid-Holland,
Stein,stein,Stein,Limburg,1913
Stellendam,stellendam,Goeree-Overflakkee,Zuid-Holland,2933
Stenenheul,stenenheul,Altena,Noord-Brabant,
Stepelo,stepelo,Haaksbergen,Overijssel,
Sterkenburg,sterkenburg,Utrechtse Heuvelrug,Utrecht,
Sterksel,sterksel,Heeze-Leende,Noord-Brabant,1316
Sterreschans,sterreschans,Lingewaard,Gelderland,
Steurgat,steurgat,Altena,Noord-Brabant,
Stevensbeek,stevensbeek,Land van Cuijk,Noord-Brabant,2084
Stevensweert,stevensweert,Maasgouw,Limburg,1922
Stevert,stevert,Eersel,Noord-Brabant,
Steyl,steyl,Venlo,Limburg,1475
Stieltjeskanaal,stieltjeskanaal,Coevorden,Drenthe,2163
Stiem,stiem,Noardeast-Fryslân,Fryslân,
Stienfek,stienfek,Noardeast-Fryslân,Fryslân,
Stiens,stiens,Leeuwarden,Fryslân,3230
Stipdonk,stipdonk,Someren,Noord-Brabant,
Stiphout,stiphout,Helmond,Noord-Brabant,
Stitswerd,stitswerd,Het Hogeland,Groningen,3482
Stobben,stobben,Westerwolde,Groningen,
Stokhem,stokhem,Gulpen-Wittem,Limburg,
Stokkelaarsbrug,stokkelaarsbrug,De Ronde Venen,Utrecht,
Stokkelen,stokkelen,Eersel,Noord-Brabant,
Stokkum,stokkum,Hof van Twente,Overijssel,
Stokkum,stokkum,Montferland,Gelderland,2210
Stokske,stokske,Oisterwijk,Noord-Brabant,
Stokt,stokt,Horst aan de Maas,Limburg,
Stolpen,stolpen,Schagen,Noord-Holland,
Stolpervlotbrug,stolpervlotbrug,Schagen,Noord-Holland,
Stolwijk,stolwijk,Krimpenerwaard,Zuid-Holland,2388
Stolwijkersluis,stolwijkersluis,Gouda,Zuid-Holland,
Stommeveld,stommeveld,Meerssen,Limburg,
Stompetoren,stompetoren,Alkmaar,Noord-Holland,1890
Stompwijk,stompwijk,Leidschendam-Voorburg,Zuid-Holland,
Stoof,stoof,Halderberge,Noord-Brabant,
Stootshorn,stootshorn,Midden-Groningen,Groningen,
Stoppeldijkveer,stoppeldijkveer,Hulst,Zeeland,
Stork,stork,Eemsdelta,Groningen,
Stoutenburg,stoutenburg,Leusden,Utrecht,2639
Stoutenburg Noord,stoutenburg-noord,Amersfoort,Utrecht,1667
Stox,stox,Peel en Maas,Limburg,
Straat,straat,Roermond,Limburg,
Strabrecht,strabrecht,Heeze-Leende,Noord-Brabant,
Stramproy,stramproy,Weert,Limburg,1975
Strand,strand,Súdwest-Fryslân,Fryslân,
Straten,straten,Oirschot,Noord-Brabant,
Strateris,strateris,Nederweert,Limburg,
Streefkerk,streefkerk,Molenlanden,Zuid-Holland,1805
Streek,streek,Aa en Hunze,Drenthe,
Strepen,strepen,Maashorst,Noord-Brabant,
Streukel,streukel,Zwartewaterland,Overijssel,
Strijbeek,strijbeek,Alphen-Chaam,Noord-Brabant,3435
Strijen,strijen,Hoeksche Waard,Zuid-Holland,2797
Strijenham,strijenham,Tholen,Zeeland,
Strijensas,strijensas,Hoeksche Waard,Zuid-Holland,2798
Strijp,strijp,Laarbeek,Noord-Brabant,
Strijp,strijp,Rijswijk,Zuid-Holland,
Strikberg,strikberg,Breda,Noord-Brabant,
Stroe,stroe,Barneveld,Gelderland,1059
Stroet,stroet,Schagen,Noord-Holland,
Stroobos,stroobos,Achtkarspelen,Fryslân,3180
Stroodorp,stroodorp,Noord-Beveland,Zeeland,
Stroodorpe,stroodorpe,Terneuzen,Zeeland,
Strooiendorp,strooiendorp,Moerdijk,Noord-Brabant,
Strooienstad,strooienstad,Hulst,Zeeland,
Stroopuit,stroopuit,Sluis,Zeeland,
Strubben,strubben,Leudal,Limburg,
Strucht,strucht,Valkenburg aan de Geul,Limburg,
Struikberg,struikberg,De Wolden,Drenthe,
Strype,strype,Voorne aan Zee,Zuid-Holland,
Stuifakker,stuifakker,Voorne aan Zee,Zuid-Holland,
Stuifzand,stuifzand,Hoogeveen,Drenthe,1819
Stuifzand,stuifzand,Midden-Drenthe,Drenthe,3023
Stuivezand,stuivezand,Drimmelen,Noord-Brabant,
Stuivezand,stuivezand,Zundert,Noord-Brabant,
Sumar,sumar,Tytsjerksteradiel,Fryslân,2453
Sumarreheide,sumarreheide,Tytsjerksteradiel,Fryslân,
Surhuisterveen,surhuisterveen,Achtkarspelen,Fryslân,3181
Surhuizum,surhuizum,Achtkarspelen,Fryslân,3182
Surhuizumer Mieden,surhuizumer-mieden,Achtkarspelen,Fryslân,
Susteren,susteren,Echt-Susteren,Limburg,2045
Suttum,suttum,Westerkwartier,Groningen,
Suwâld,suwld,Tytsjerksteradiel,Fryslân,2448
Swaenwert,swaenwert,Súdwest-Fryslân,Fryslân,
Swalmen,swalmen,Roermond,Limburg,2283
Swartbroek,swartbroek,Weert,Limburg,
Sweagerbosk,sweagerbosk,Noardeast-Fryslân,Fryslân,3318
Sweikhuizen,sweikhuizen,Beekdaelen,Limburg,2104
Swichum,swichum,Leeuwarden,Fryslân,1204
Swier,swier,Beekdaelen,Limburg,
Swifterbant,swifterbant,Dronten,Flevoland,2431
Swolgen,swolgen,Horst aan de Maas,Limburg,1859
Sytebuorren,sytebuorren,Smallingerland,Fryslân,
Sythuizen,sythuizen,De Fryske Marren,Fryslân,
Taarlo,taarlo,Tynaarlo,Drenthe,2918
Tappersheul,tappersheul,Oudewater,Utrecht,
Tasdijk,tasdijk,Hulst,Zeeland,
Teckop,teckop,Woerden,Utrecht,
Teeffelen,teeffelen,Oss,Noord-Brabant,3472
Teerns,teerns,Leeuwarden,Fryslân,1203
Teersdijk,teersdijk,Wijchen,Gelderland,
Tegelen,tegelen,Venlo,Limburg,1474
Teijlingen,teijlingen,Teylingen,Zuid-Holland,
Telgt,telgt,Ermelo,Gelderland,
Tempel,tempel,Bodegraven-Reeuwijk,Zuid-Holland,
Ten Arlo,ten-arlo,De Wolden,Drenthe,
Ten Boer,ten-boer,Groningen,Groningen,1829
Ten Have,ten-have,Westerveld,Drenthe,
Ten Post,ten-post,Groningen,Groningen,1830
Ten Vorsel,ten-vorsel,Bladel,Noord-Brabant,
Ter Aalst,ter-aalst,Oosterhout,Noord-Brabant,
Ter Aar,ter-aar,Nieuwkoop,Zuid-Holland,2673
Ter Aard,ter-aard,Assen,Drenthe,2394
Ter Apel,ter-apel,Westerwolde,Groningen,2296
Ter Apelkanaal,ter-apelkanaal,Westerwolde,Groningen,2297
Ter Borg,ter-borg,Westerwolde,Groningen,
Ter Haar,ter-haar,Westerwolde,Groningen,
Ter Heijde,ter-heijde,Westland,Zuid-Holland,2663
Ter Horst,ter-horst,Midden-Drenthe,Drenthe,
Ter Idzard,ter-idzard,Weststellingwerf,Fryslân,1742
Ter Laan,ter-laan,Het Hogeland,Groningen,
Ter Lucht,ter-lucht,Midden-Delfland,Zuid-Holland,
Ter Maarsch,ter-maarsch,Stadskanaal,Groningen,
Ter Walslage,ter-walslage,Westerwolde,Groningen,
Ter Wisch,ter-wisch,Westerwolde,Groningen,
Ter Wupping,ter-wupping,Stadskanaal,Groningen,
Terband,terband,Heerenveen,Fryslân,2182
Terblijt (?),terblijt-,Valkenburg aan de Geul,Limburg,
Terborg,terborg,Oude IJsselstreek,Gelderland,1577
Terbregge (?),terbregge-,Rotterdam,Zuid-Holland,
Terdiek,terdiek,Hollands Kroon,Noord-Holland,
Tereyken,tereyken,Gemert-Bakel,Noord-Brabant,
Tergrêft,tergrft,Noardeast-Fryslân,Fryslân,
Tergrêft,tergrft,Tytsjerksteradiel,Fryslân,
Terhagen,terhagen,Stein,Limburg,
Terheijden,terheijden,Drimmelen,Noord-Brabant,2578
Terheijl,terheijl,Noordenveld,Drenthe,
Terhofstede,terhofstede,Sluis,Zeeland,
Terhorne,terhorne,De Fryske Marren,Fryslân,2537
Terhole,terhole,Hulst,Zeeland,3096
Terhorst,terhorst,Eijsden-Margraten,Limburg,
Terkaple,terkaple,De Fryske Marren,Fryslân,2510
Terlet,terlet,Rozendaal,Gelderland,
Terlinden,terlinden,Eijsden-Margraten,Limburg,
Termaar,termaar,Eijsden-Margraten,Limburg,
Termaar,termaar,Voerendaal,Limburg,
Termoors,termoors,Voerendaal,Limburg,
Termunten,termunten,Eemsdelta,Groningen,3242
Termunterzijl,termunterzijl,Eemsdelta,Groningen,3243
Ternaard,ternaard,Noardeast-Fryslân,Fryslân,3411
Terneuzen,terneuzen,Terneuzen,Zeeland,1137
Teroele,teroele,De Fryske Marren,Fryslân,2511
Terover,terover,Alphen-Chaam,Noord-Brabant,
Terpoorten,terpoorten,Gulpen-Wittem,Limburg,
Terschuur,terschuur,Barneveld,Gelderland,3598
Tersoal,tersoal,Súdwest-Fryslân,Fryslân,
Tersoal,tersoal,Súdwest-Fryslân,Fryslân,2538
Terstraten,terstraten,Beekdaelen,Limburg,
Tervaten,tervaten,Goes,Zeeland,
Tervoorst,tervoorst,Beekdaelen,Limburg,
Tervoort,tervoort,Breda,Noord-Brabant,
Terwispel,terwispel,Opsterland,Fryslân,3355
Terwisscha,terwisscha,Ooststellingwerf,Fryslân,
Terwolde,terwolde,Voorst,Gelderland,2609
Terziet,terziet,Gulpen-Wittem,Limburg,
Teteringen,teteringen,Breda,Noord-Brabant,3623
Teuge,teuge,Voorst,Gelderland,2610
Teyebuorren,teyebuorren,Noardeast-Fryslân,Fryslân,
Theetuin,theetuin,Oirschot,Noord-Brabant,
Themaat,themaat,Utrecht,Utrecht,
Thesinge,thesinge,Groningen,Groningen,1832
Tholen,tholen,Tholen,Zeeland,2071
Thorn,thorn,Maasgouw,Limburg,1916
Thull,thull,Beekdaelen,Limburg,
Thuserhof,thuserhof,Roermond,Limburg,
Tichelwurk,tichelwurk,Leeuwarden,Fryslân,
Tiel,tiel,Tiel,Gelderland,3601
Tielse Hoeve,tielse-hoeve,Sint-Michielsgestel,Noord-Brabant,
Tiendeveen,tiendeveen,Hoogeveen,Drenthe,1820
Tiendeveen,tiendeveen,Midden-Drenthe,Drenthe,3024
Tiengeboden,tiengeboden,Berg en Dal,Gelderland,
Tiengemeten,tiengemeten,Hoeksche Waard,Zuid-Holland,
Tienhoven,tienhoven,Stichtse Vecht,Utrecht,2065
Tienhoven aan de Lek,tienhoven-aan-de-lek,Vijfheerenlanden,Utrecht,2107
Tienhoven,tienhoven,Vijfheerenlanden,Utrecht,
Tienray,tienray,Horst aan de Maas,Limburg,1860
Tiggelt,tiggelt,Zundert,Noord-Brabant,
Tiggeltscheberg,tiggeltscheberg,Zundert,Noord-Brabant,
Tijnje,tijnje,Opsterland,Fryslân,3356
Tilbuorren,tilbuorren,Noardeast-Fryslân,Fryslân,
Tilburg,tilburg,Tilburg,Noord-Brabant,1043
Tilligte,tilligte,Dinkelland,Overijssel,1416
Timmereind,timmereind,Waalre,Noord-Brabant,
Tinallinge,tinallinge,Het Hogeland,Groningen,2473
Tinte,tinte,Voorne aan Zee,Zuid-Holland,1211
Tirns,tirns,Súdwest-Fryslân,Fryslân,3591
Tjaard,tjaard,Leeuwarden,Fryslân,
Tjalhuizum,tjalhuizum,Súdwest-Fryslân,Fryslân,2422
Tjabbesstreek,tjabbesstreek,Westerwolde,Groningen,
Tjalleberd,tjalleberd,Heerenveen,Fryslân,2184
Tjamsweer,tjamsweer,Eemsdelta,Groningen,
Tjeintgum,tjeintgum,Leeuwarden,Fryslân,
Tjeppenboer,tjeppenboer,Waadhoeke,Fryslân,
Tjerkgaast,tjerkgaast,De Fryske Marren,Fryslân,2512
Tjerkwerd,tjerkwerd,Súdwest-Fryslân,Fryslân,2324
Tjoene,tjoene,Deventer,Overijssel,
Tjuchem,tjuchem,Midden-Groningen,Groningen,1360
Tolbert,tolbert,Westerkwartier,Groningen,2345
Toldijk,toldijk,Bronckhorst,Gelderland,1531
Tolkamer,tolkamer,Zevenaar,Gelderland,2981
Tollebeek,tollebeek,Noordoostpolder,Flevoland,1279
Tommel,tommel,Baarle-Nassau,Noord-Brabant,
Tonden,tonden,Brummen,Gelderland,1110
Tongeren,tongeren,Boxtel,Noord-Brabant,
Tongeren,tongeren,Epe,Gelderland,
Tongerlo,tongerlo,Horst aan de Maas,Limburg,
Tongerlo,tongerlo,Peel en Maas,Limburg,
Tonnekreek,tonnekreek,Moerdijk,Noord-Brabant,
Tonsel,tonsel,Ermelo,Gelderland,
Toom,toom,Cranendonck,Noord-Brabant,
Toornwerd,toornwerd,Eemsdelta,Groningen,3454
Topweer,topweer,Westerkwartier,Groningen,
Torenveen,torenveen,Aa en Hunze,Drenthe,
Toterfout,toterfout,Veldhoven,Noord-Brabant,
Toven,toven,Land van Cuijk,Noord-Brabant,
Tragel,tragel,Sluis,Zeeland,
Tranendal,tranendal,Oldambt,Groningen,
Tregelaar,tregelaar,Oirschot,Noord-Brabant,
Trent,trent,Maashorst,Noord-Brabant,
Tricht,tricht,West Betuwe,Gelderland,3531
Trijeboerehuzen,trijeboerehuzen,Noardeast-Fryslân,Fryslân,
Trijehuzen,trijehuzen,Súdwest-Fryslân,Fryslân,
Trimpert,trimpert,Geldrop-Mierlo,Noord-Brabant,
Trintelen,trintelen,Gulpen-Wittem,Limburg,
Tripscompagnie,tripscompagnie,Midden-Groningen,Groningen,2276
Tripscompagnie,tripscompagnie,Veendam,Groningen,
Tritzum,tritzum,Waadhoeke,Fryslân,
Tronde,tronde,Ooststellingwerf,Fryslân,
Trophorne,trophorne,De Fryske Marren,Fryslân,
Trutjeshoek (?),trutjeshoek-,Kampen,Overijssel,
Trutjeshoek,trutjeshoek,Oldebroek,Gelderland,
Tsienzerbuorren,tsienzerbuorren,Leeuwarden,Fryslân,
Tsjerkebuorren,tsjerkebuorren,Súdwest-Fryslân,Fryslân,
Tubbergen,tubbergen,Tubbergen,Overijssel,1294
Tuil,tuil,West Betuwe,Gelderland,3366
Tuindorp,tuindorp,Bergen,Limburg,
Tuitjenhorn,tuitjenhorn,Schagen,Noord-Holland,3292
Tuk,tuk,Steenwijkerland,Overijssel,2715
Tull en 't Waal,tull-en-t-waal,Houten,Utrecht,2055
Tungelroy,tungelroy,Weert,Limburg,
Turkeije,turkeije,Sluis,Zeeland,
Tusschen de Bruggen,tusschen-de-bruggen,Roerdalen,Limburg,
Tusschenloegen,tusschenloegen,Midden-Groningen,Groningen,
Tussenklappen,tussenklappen,Midden-Groningen,Groningen,
Tussenlanen,tussenlanen,Krimpenerwaard,Zuid-Holland,
Tusveld,tusveld,Almelo,Overijssel,
Tuuthees,tuuthees,Land van Cuijk,Noord-Brabant,
Tweede Dwarsdiep,tweede-dwarsdiep,Aa en Hunze,Drenthe,
Tweede Tol,tweede-tol,Dordrecht,Zuid-Holland,
Tweehuizen,tweehuizen,Eemsdelta,Groningen,
Tweesluizen,tweesluizen,Buren,Gelderland,
Twekkelo,twekkelo,Enschede,Overijssel,
Twello,twello,Voorst,Gelderland,2611
Twijzel,twijzel,Achtkarspelen,Fryslân,3183
Twijzelerheide,twijzelerheide,Achtkarspelen,Fryslân,3184
Twisk,twisk,Medemblik,Noord-Holland,3157
Tynaarlo,tynaarlo,Tynaarlo,Drenthe,2919
Tytsjerk,tytsjerk,Tytsjerksteradiel,Fryslân,2447
Tzum,tzum,Waadhoeke,Fryslân,1362
Tzummarum,tzummarum,Waadhoeke,Fryslân,1377
Ubach over Worms,ubach-over-worms,Landgraaf,Limburg,
Ubachsberg,ubachsberg,Voerendaal,Limburg,
Ubbena,ubbena,Assen,Drenthe,2395
Ubbergen,ubbergen,Berg en Dal,Gelderland,2879
Ubroek,ubroek,Venlo,Limburg,
Uddel,uddel,Apeldoorn,Gelderland,3562
Uden,uden,Maashorst,Noord-Brabant,1847
Udenhout,udenhout,Tilburg,Noord-Brabant,1045
Uffelsen,uffelsen,Leudal,Limburg,
Uffelte,uffelte,Westerveld,Drenthe,3121
Ugchelen,ugchelen,Apeldoorn,Gelderland,2256
Uilesprong,uilesprong,Opsterland,Fryslân,
Uitdam,uitdam,Waterland,Noord-Holland,1947
Uiteinde,uiteinde,Eemsdelta,Groningen,
Uiteinde,uiteinde,Smallingerland,Fryslân,
Uiterburen,uiterburen,Midden-Groningen,Groningen,
Uitgeest,uitgeest,Uitgeest,Noord-Holland,2755
Uithoorn,uithoorn,Uithoorn,Noord-Holland,2062
Uithuizen,uithuizen,Het Hogeland,Groningen,3483
Uithuizermeeden,uithuizermeeden,Het Hogeland,Groningen,3484
Uitweg,uitweg,Lopik,Utrecht,
Uitwellingerga,uitwellingerga,Súdwest-Fryslân,Fryslân,2423
Uitwierde,uitwierde,Eemsdelta,Groningen,
Uitwijk,uitwijk,Altena,Noord-Brabant,3304
Ulestraten,ulestraten,Meerssen,Limburg,1465
Ulft,ulft,Oude IJsselstreek,Gelderland,1580
Ulfterhoek,ulfterhoek,Horst aan de Maas,Limburg,
Ulicoten,ulicoten,Baarle-Nassau,Noord-Brabant,2884
Ullingen,ullingen,Land van Cuijk,Noord-Brabant,
Ulrum,ulrum,Het Hogeland,Groningen,3425
Ulsda,ulsda,Oldambt,Groningen,
Ulvend,ulvend,Eijsden-Margraten,Limburg,
Ulvenhout,ulvenhout,Breda,Noord-Brabant,1704
Ulvenhout AC,ulvenhout-ac,Alphen-Chaam,Noord-Brabant,3436
Ungabuurt,ungabuurt,Harlingen,Fryslân,
Uppel,uppel,Altena,Noord-Brabant,
Ureterp,ureterp,Opsterland,Fryslân,3357
Urk,urk,Urk,Flevoland,2143
Urkhoven,urkhoven,Eindhoven,Noord-Brabant,
Urmond,urmond,Stein,Limburg,1915
Ursem,ursem,Alkmaar,Noord-Holland,
“Ursem gem. S”,ursem-gem-s,Alkmaar,Noord-Holland,1891
Ursem,ursem,Koggenland,Noord-Holland,1191
Usquert,usquert,Het Hogeland,Groningen,3485
Usselo,usselo,Enschede,Overijssel,
Utrecht,utrecht,Utrecht,Utrecht,3295
Vaals,vaals,Vaals,Limburg,1429
Vaareind,vaareind,Breda,Noord-Brabant,
Vaarle,vaarle,"Nuenen, Gerwen en Nederwetten",Noord-Brabant,
Vaars(ch)e Hoef (?),vaarsche-hoef-,Someren,Noord-Brabant,
Vaart,vaart,Dongen,Noord-Brabant,
Vaartwijk,vaartwijk,Terneuzen,Zeeland,
Vaassen,vaassen,Epe,Gelderland,1345
Vaesrade,vaesrade,Beekdaelen,Limburg,
(De) Val (?),de-val-,Terneuzen,Zeeland,
Valburg,valburg,Overbetuwe,Gelderland,1872
Valeiskreek,valeiskreek,Sluis,Zeeland,
Valenberg,valenberg,Heumen,Gelderland,
Valkenburg,valkenburg,Katwijk,Zuid-Holland,1709
Valkenburg,valkenburg,Valkenburg aan de Geul,Limburg,1718
Valkenheide,valkenheide,Utrechtse Heuvelrug,Utrecht,
Valkenswaard,valkenswaard,Valkenswaard,Noord-Brabant,1100
Valom,valom,Het Hogeland,Groningen,
Valsteeg,valsteeg,Coevorden,Drenthe,
Valthe,valthe,Borger-Odoorn,Drenthe,1800
Valtherblokken,valtherblokken,Borger-Odoorn,Drenthe,
Valthermond,valthermond,Borger-Odoorn,Drenthe,1801
Valthermussel,valthermussel,Borger-Odoorn,Drenthe,
Van Ewijcksluis,van-ewijcksluis,Hollands Kroon,Noord-Holland,
Varik,varik,West Betuwe,Gelderland,3367
Varsen,varsen,Ommen,Overijssel,
Varssel,varssel,Bronckhorst,Gelderland,
Varsselder,varsselder,Oude IJsselstreek,Gelderland,1582
Varsseveld,varsseveld,Oude IJsselstreek,Gelderland,1574
Vasse,vasse,Tubbergen,Overijssel,1295
Vebenabos,vebenabos,Veere,Zeeland,
Vechten,vechten,Bunnik,Utrecht,
Veecaten,veecaten,Kampen,Overijssel,
Veele,veele,Westerwolde,Groningen,
Veelerveen,veelerveen,Westerwolde,Groningen,2234
Veen,veen,Altena,Noord-Brabant,1956
Veendam,veendam,Veendam,Groningen,1240
Veendijk,veendijk,Westerveld,Drenthe,
Veenendaal,veenendaal,Veenendaal,Utrecht,2048
Veenhof,veenhof,Aa en Hunze,Drenthe,
Veenhuizen,veenhuizen,Coevorden,Drenthe,
Veenhuizen,veenhuizen,Midden-Groningen,Groningen,
Veenhuizen,veenhuizen,Noordenveld,Drenthe,1651
Veenhuizen,veenhuizen,Stadskanaal,Groningen,
Veenhuizen,veenhuizen,Westerveld,Drenthe,
Veenhuizerveld,veenhuizerveld,Putten,Gelderland,
Veeningen,veeningen,De Wolden,Drenthe,3171
Veenoord,veenoord,Emmen,Drenthe,1999
Veere,veere,Veere,Zeeland,2783
Veerste(r) Veldhuis,veerster-veldhuis,Westerwolde,Groningen,
Veessen,veessen,Heerde,Gelderland,2866
Vegelinsoord,vegelinsoord,De Fryske Marren,Fryslân,2513
Veghel,veghel,Meierijstad,Noord-Brabant,2827
Veld,veld,Venlo,Limburg,
Veldbraak,veldbraak,Baarle-Nassau,Noord-Brabant,
Velddijk,velddijk,West Maas en Waal,Gelderland,
Velddriel,velddriel,Maasdriel,Gelderland,1631
Velden,velden,Venlo,Limburg,3142
Veldhoek,veldhoek,Bronckhorst,Gelderland,
Veldhoven,veldhoven,Veldhoven,Noord-Brabant,1384
Veldhuis,veldhuis,Medemblik,Noord-Holland,
Veldhuizen,veldhuizen,Utrecht,Utrecht,
Veldhuizen,veldhuizen,Westerveld,Drenthe,
Veldhunten,veldhunten,Oude IJsselstreek,Gelderland,
Veld-Oostenrijk,veld-oostenrijk,Horst aan de Maas,Limburg,
Veldschuur,veldschuur,Stein,Limburg,
Veldstreek,veldstreek,Westerkwartier,Groningen,
Veldwijk,veldwijk,Bronckhorst,Gelderland,
Veldzicht,veldzicht,Sluis,Zeeland,
Veldzicht,veldzicht,Sluis,Zeeland,
Velp,velp,Land van Cuijk,Noord-Brabant,3198
Velp,velp,Rheden,Gelderland,1500
Velsen-Noord,velsen-noord,Velsen,Noord-Holland,3538
Velsen-Zuid,velsen-zuid,Velsen,Noord-Holland,3536
Velserbroek,velserbroek,Velsen,Noord-Holland,2839
Velswijk,velswijk,Bronckhorst,Gelderland,
Veluwe,veluwe,Maasdriel,Gelderland,
Vemde,vemde,Epe,Gelderland,
Ven,ven,Meierijstad,Noord-Brabant,
Ven,ven,Gemert-Bakel,Noord-Brabant,
Ven,ven,Heeze-Leende,Noord-Brabant,
Venbergen,venbergen,Valkenswaard,Noord-Brabant,
Venebrugge,venebrugge,Hardenberg,Overijssel,1565
Veneburen,veneburen,Ooststellingwerf,Fryslân,
Veneind,veneind,Eersel,Noord-Brabant,
Venekoten,venekoten,Ooststellingwerf,Fryslân,
Venhorst,venhorst,Boekel,Noord-Brabant,3139
Venhuizen,venhuizen,Drechterland,Noord-Holland,1512
Venlo,venlo,Venlo,Limburg,1473
Venne,venne,Leudal,Limburg,
Venray,venray,Venray,Limburg,2335
Venweg,venweg,Alphen-Chaam,Noord-Brabant,
Ven-Zelderheide,ven-zelderheide,Gennep,Limburg,2481
Vergelt,vergelt,Peel en Maas,Limburg,
Verhoven,verhoven,Gilze en Rijen,Noord-Brabant,
Verloren Hoek,verloren-hoek,Breda,Noord-Brabant,
Verlorenhoek,verlorenhoek,Land van Cuijk,Noord-Brabant,
Vernhout,vernhout,Meierijstad,Noord-Brabant,
Vessem,vessem,Eersel,Noord-Brabant,2996
Vestjenshoek,vestjenshoek,Leudal,Limburg,
Vethuizen,vethuizen,Montferland,Gelderland,2211
Vetterik,vetterik,Bergen op Zoom,Noord-Brabant,
Veulen,veulen,Venray,Limburg,2336
Vianen,vianen,Land van Cuijk,Noord-Brabant,
“Vianen NB”,vianen-nb,Land van Cuijk,Noord-Brabant,1455
Vianen,vianen,Vijfheerenlanden,Utrecht,2843
Viel,viel,Beekdaelen,Limburg,
Vierakker,vierakker,Bronckhorst,Gelderland,1532
Vierbannen,vierbannen,Altena,Noord-Brabant,
Vierhouten,vierhouten,Nunspeet,Gelderland,2985
Vierhuis,vierhuis,Leeuwarden,Fryslân,
Vierhuis,vierhuis,De Fryske Marren,Fryslân,
Vierhuizen,vierhuizen,Het Hogeland,Groningen,3426
Vierhuizen,vierhuizen,Eemsdelta,Groningen,
Vierhuizen,vierhuizen,Súdwest-Fryslân,Fryslân,
Vierlingsbeek,vierlingsbeek,Land van Cuijk,Noord-Brabant,1223
Vierpolders,vierpolders,Voorne aan Zee,Zuid-Holland,2369
Vieruitersten,vieruitersten,Peel en Maas,Limburg,
Vierverlaten,vierverlaten,Groningen,Groningen,
Vijcie,vijcie,Altena,Noord-Brabant,
Vijfhoek,vijfhoek,Hulst,Zeeland,
Vijfhoek,vijfhoek,Roosendaal,Noord-Brabant,
Vijfhuis,vijfhuis,Súdwest-Fryslân,Fryslân,
Vijfhuizen,vijfhuizen,Goirle,Noord-Brabant,
Vijfhuizen,vijfhuizen,Haarlemmermeer,Noord-Holland,1613
Vijfhuizen,vijfhuizen,Waadhoeke,Fryslân,
Vijfhuizen,vijfhuizen,Oosterhout,Noord-Brabant,
Vijfhuizen,vijfhuizen,Tilburg,Noord-Brabant,
Vijlen,vijlen,Vaals,Limburg,1431
Vilgert,vilgert,Venlo,Limburg,
Vilsteren,vilsteren,Ommen,Overijssel,2554
Vilt,vilt,Valkenburg aan de Geul,Limburg,
Vink,vink,Beekdaelen,Limburg,
Vinke(n)kade,vinkenkade,De Ronde Venen,Utrecht,
Vinkega,vinkega,Weststellingwerf,Fryslân,1743
Vinkel,vinkel,'s-Hertogenbosch,Noord-Brabant,3612
Vinkel,vinkel,Bernheze,Noord-Brabant,3063
Vinkenberg,vinkenberg,Oisterwijk,Noord-Brabant,
Vinkenbroek,vinkenbroek,Roosendaal,Noord-Brabant,
Vinkenbuurt,vinkenbuurt,Ommen,Overijssel,2555
Vinkepas,vinkepas,Horst aan de Maas,Limburg,
Vinkeveen,vinkeveen,De Ronde Venen,Utrecht,3550
Vinkwijk,vinkwijk,Montferland,Gelderland,
Visberg,visberg,Steenbergen,Noord-Brabant,
Visdonk,visdonk,Roosendaal,Noord-Brabant,
Visschershoek,visschershoek,Goeree-Overflakkee,Zuid-Holland,
Visser(s)weert,vissersweert,Echt-Susteren,Limburg,
Vissersburen,vissersburen,Súdwest-Fryslân,Fryslân,
Visvliet,visvliet,Westerkwartier,Groningen,2127
Vlaardingen,vlaardingen,Vlaardingen,Zuid-Holland,1015
Vlaas,vlaas,Leudal,Limburg,
Vlagberg,vlagberg,Land van Cuijk,Noord-Brabant,
Vlagtwedde,vlagtwedde,Westerwolde,Groningen,2298
Vlagtwedder-Veldhuis,vlagtwedder-veldhuis,Westerwolde,Groningen,
Vlake,vlake,Reimerswaal,Zeeland,
Vlas,vlas,Someren,Noord-Brabant,
Vledder,vledder,Westerveld,Drenthe,3122
Vledderhuizen,vledderhuizen,Stadskanaal,Groningen,
Vledderveen,vledderveen,Stadskanaal,Groningen,3078
Vledderveen,vledderveen,Westerveld,Drenthe,3123
Vleet,vleet,Roosendaal,Noord-Brabant,
Vlengendaal,vlengendaal,Simpelveld,Limburg,
(De ?) Vleut,de--vleut,Best,Noord-Brabant,
Vleuten,vleuten,Utrecht,Utrecht,3296
Vliegert,vliegert,Peel en Maas,Limburg,
Vlieghuis,vlieghuis,Coevorden,Drenthe,
Vlieland,vlieland,Pijnacker-Nootdorp,Zuid-Holland,
Vlieland,vlieland,Vlieland,Fryslân,3299
Vlierden,vlierden,Deurne,Noord-Brabant,1775
Vliet,vliet,Oudewater,Utrecht,
Vlijmen,vlijmen,Heusden,Noord-Brabant,3503
Vlissingen,vlissingen,Vlissingen,Zeeland,1078
Vlist,vlist,Krimpenerwaard,Zuid-Holland,2389
Vlodrop,vlodrop,Roerdalen,Limburg,2595
Vloeieind,vloeieind,Deurne,Noord-Brabant,
Vloeieind,vloeieind,Reusel-De Mierden,Noord-Brabant,
Vloet,vloet,Maashorst,Noord-Brabant,
Vlootkant,vlootkant,Weert,Limburg,
Voederheil,voederheil,Maashorst,Noord-Brabant,
Voerendaal,voerendaal,Voerendaal,Limburg,1855
Vogelenzang,vogelenzang,Bloemendaal,Noord-Holland,2651
Vogelfort,vogelfort,Hulst,Zeeland,
Vogelswerf,vogelswerf,West Betuwe,Gelderland,
Vogelwaarde,vogelwaarde,Hulst,Zeeland,3095
Vogelzang,vogelzang,Heumen,Gelderland,
Völckerdorp,vlckerdorp,Reimerswaal,Zeeland,
Volendam,volendam,Edam-Volendam,Noord-Holland,1748
Volkel,volkel,Maashorst,Noord-Brabant,1848
Vollenhove,vollenhove,Steenwijkerland,Overijssel,2716
Volthe,volthe,Dinkelland,Overijssel,
Vondelingenplaat,vondelingenplaat,Rotterdam,Zuid-Holland,
“Vondelingenplaat Rotterdam”,vondelingenplaat-rotterdam,Rotterdam,Zuid-Holland,3087
Voorburg,voorburg,Leidschendam-Voorburg,Zuid-Holland,1622
Voordeldonk,voordeldonk,Asten,Noord-Brabant,
Voordijk,voordijk,Heusden,Noord-Brabant,
Vooreind,vooreind,Reusel-De Mierden,Noord-Brabant,
Voorhout,voorhout,Teylingen,Zuid-Holland,2004
Voorne,voorne,Maasdriel,Gelderland,
Voorrijp,voorrijp,Harlingen,Fryslân,
Voorschoten,voorschoten,Voorschoten,Zuid-Holland,3231
Voorst,voorst,Oude IJsselstreek,Gelderland,1586
Voorst,voorst,Roerdalen,Limburg,
Voorst,voorst,Voorst,Gelderland,2612
Voorste Beersdonk,voorste-beersdonk,Deurne,Noord-Brabant,
Voorste Brug,voorste-brug,Valkenswaard,Noord-Brabant,
Voorste Diesdonk,voorste-diesdonk,Asten,Noord-Brabant,
Voorste Heikant,voorste-heikant,Reusel-De Mierden,Noord-Brabant,
Voorsterveld,voorsterveld,Roerdalen,Limburg,
Voorstonden,voorstonden,Brummen,Gelderland,
Voort,voort,Bergeijk,Noord-Brabant,
Voort,voort,Deurne,Noord-Brabant,
Voorteind,voorteind,Oirschot,Noord-Brabant,
Voorthuizen,voorthuizen,Barneveld,Gelderland,3599
Voortje,voortje,Geldrop-Mierlo,Noord-Brabant,
Voorweg,voorweg,Alphen aan den Rijn,Zuid-Holland,
Vorchten,vorchten,Heerde,Gelderland,2867
Vorden,vorden,Bronckhorst,Gelderland,3573
Vorstenbosch,vorstenbosch,Bernheze,Noord-Brabant,3064
Vortum-Mullem,vortum-mullem,Land van Cuijk,Noord-Brabant,1224
Vosberg,vosberg,Peel en Maas,Limburg,
Voske,voske,Baarle-Nassau,Noord-Brabant,
Voskuil,voskuil,Oldebroek,Gelderland,
Voskuilen,voskuilen,Woudenberg,Utrecht,
Vossebelt,vossebelt,Coevorden,Drenthe,
Vosseberg,vosseberg,Stadskanaal,Groningen,
Vosseburen,vosseburen,Opsterland,Fryslân,
Vosselen,vosselen,Asten,Noord-Brabant,
Vossenberg,vossenberg,Gemert-Bakel,Noord-Brabant,
Vossenberg,vossenberg,Gilze en Rijen,Noord-Brabant,
Vossenpels,vossenpels,Lingewaard,Gelderland,
Vossenpels,vossenpels,Nijmegen,Gelderland,
Voulwames,voulwames,Meerssen,Limburg,
Vrachelen,vrachelen,Oosterhout,Noord-Brabant,
Vragender,vragender,Oost Gelre,Gelderland,2226
Vredenheim,vredenheim,Aa en Hunze,Drenthe,1181
Vredepeel,vredepeel,Venray,Limburg,2337
Vreeland,vreeland,Stichtse Vecht,Utrecht,3525
Vreewijk,vreewijk,Deurne,Noord-Brabant,
Vries,vries,Tynaarlo,Drenthe,2912
Vriescheloo,vriescheloo,Westerwolde,Groningen,2235
Vriezekoop,vriezekoop,Kaag en Braassem,Zuid-Holland,
Vriezenveen,vriezenveen,Twenterand,Overijssel,3325
Vrij,vrij,Bergen,Limburg,
Vrijhoeve,vrijhoeve,Waalwijk,Noord-Brabant,
Vrijhoeven,vrijhoeven,Nieuwkoop,Zuid-Holland,
Vrilkhoven,vrilkhoven,Boxtel,Noord-Brabant,
Vroelen,vroelen,Eijsden-Margraten,Limburg,
Vroenhout,vroenhout,Roosendaal,Noord-Brabant,
Vroomshoop,vroomshoop,Twenterand,Overijssel,3326
Vrouwbuurtstermolen,vrouwbuurtstermolen,Leeuwarden,Fryslân,
Vrouwenakker,vrouwenakker,Nieuwkoop,Zuid-Holland,2672
Vrouwenparochie,vrouwenparochie,Waadhoeke,Fryslân,3334
Vrouwenpolder,vrouwenpolder,Veere,Zeeland,2784
Vrouwentroost,vrouwentroost,Aalsmeer,Noord-Holland,
Vuchtschoot,vuchtschoot,Breda,Noord-Brabant,
Vught,vught,Vught,Noord-Brabant,1619
Vuile Riete,vuile-riete,De Wolden,Drenthe,
Vuilendam,vuilendam,Molenlanden,Zuid-Holland,
Vuilpan,vuilpan,Sluis,Zeeland,
Vuren,vuren,West Betuwe,Gelderland,2357
Waaksens,waaksens,Súdwest-Fryslân,Fryslân,2031
Waal,waal,Molenlanden,Zuid-Holland,1809
Waalbroek,waalbroek,Simpelveld,Limburg,
Waalre,waalre,Waalre,Noord-Brabant,1006
Waalwijk,waalwijk,Waalwijk,Noord-Brabant,2597
Waanskinderen,waanskinderen,Goes,Zeeland,
Waarde,waarde,Reimerswaal,Zeeland,3466
Waardenburg,waardenburg,West Betuwe,Gelderland,3368
Waarder,waarder,Bodegraven-Reeuwijk,Zuid-Holland,2478
Waardhuizen,waardhuizen,Altena,Noord-Brabant,3305
Waarland,waarland,Schagen,Noord-Holland,3293
Waatskamp,waatskamp,Nederweert,Limburg,
Waaxens,waaxens,Noardeast-Fryslân,Fryslân,3412
Wachtum,wachtum,Coevorden,Drenthe,2165
Waddinxveen,waddinxveen,Waddinxveen,Zuid-Holland,3051
Wadenoijen,wadenoijen,Tiel,Gelderland,2559
Wadway,wadway,Medemblik,Noord-Holland,
Wadwerd,wadwerd,Het Hogeland,Groningen,
Wagenberg,wagenberg,Drimmelen,Noord-Brabant,2579
Wagenborgen,wagenborgen,Eemsdelta,Groningen,3244
Wageningen,wageningen,Wageningen,Gelderland,2006
Wahlwiller,wahlwiller,Gulpen-Wittem,Limburg,
Waije,waije,Leudal,Limburg,
Walderveen,walderveen,Ede,Gelderland,
Walem,walem,Valkenburg aan de Geul,Limburg,1719
Walik,walik,Bergeijk,Noord-Brabant,
Wals,wals,Oude IJsselstreek,Gelderland,
Walsert,walsert,Land van Cuijk,Noord-Brabant,
Walsoorden,walsoorden,Hulst,Zeeland,3101
Wâlterswâld,wlterswld,Dantumadiel,Fryslân,3269
Wamberg,wamberg,Sint-Michielsgestel,Noord-Brabant,
Wamel,wamel,West Maas en Waal,Gelderland,1773
Wammert,wammert,Leeuwarden,Fryslân,
Wanneperveen,wanneperveen,Steenwijkerland,Overijssel,2717
Wanroij,wanroij,Land van Cuijk,Noord-Brabant,2085
Wanssum,wanssum,Venray,Limburg,1861
Wânswert,wnswert,Noardeast-Fryslân,Fryslân,3210
Wapenveld,wapenveld,Heerde,Gelderland,2868
Wapse,wapse,Westerveld,Drenthe,3124
Wapserveen,wapserveen,Westerveld,Drenthe,3125
War,war,Waadhoeke,Fryslân,
Warder,warder,Edam-Volendam,Noord-Holland,1843
Warffum,warffum,Het Hogeland,Groningen,3486
Warfhuizen,warfhuizen,Het Hogeland,Groningen,3427
Warfstermolen,warfstermolen,Noardeast-Fryslân,Fryslân,3316
Warga,warga,Leeuwarden,Fryslân,2539
Warm,warm,Oude IJsselstreek,Gelderland,
Warmenhuizen,warmenhuizen,Schagen,Noord-Holland,3294
Warmond,warmond,Teylingen,Zuid-Holland,3542
Warniahuizen,warniahuizen,Heerenveen,Fryslân,
Warns,warns,Súdwest-Fryslân,Fryslân,1971
Warnsveld,warnsveld,Zutphen,Gelderland,1396
Warstiens,warstiens,Leeuwarden,Fryslân,2540
Wartena,wartena,Leeuwarden,Fryslân,2541
Waskemeer,waskemeer,Ooststellingwerf,Fryslân,1765
Waspik,waspik,Waalwijk,Noord-Brabant,2598
Waspik-Zuid,waspik-zuid,Waalwijk,Noord-Brabant,
Wassenaar,wassenaar,Wassenaar,Zuid-Holland,1821
Wassinkbrink,wassinkbrink,Bronckhorst,Gelderland,
Wateren,wateren,Westerveld,Drenthe,3126
Watergang,watergang,Waterland,Noord-Holland,1945
Waterhoek,waterhoek,Berkelland,Gelderland,
Waterhuizen,waterhuizen,Midden-Groningen,Groningen,1022
Wateringen,wateringen,Westland,Zuid-Holland,2664
Waterkant,waterkant,Bergen op Zoom,Noord-Brabant,
Waterlandkerkje,waterlandkerkje,Sluis,Zeeland,2963
Waterop,waterop,Gulpen-Wittem,Limburg,
Waterstraat,waterstraat,Hilvarenbeek,Noord-Brabant,
Waterval,waterval,Meerssen,Limburg,
Waver,waver,Ouder-Amstel,Noord-Holland,
Waverveen,waverveen,De Ronde Venen,Utrecht,3551
Weakens,weakens,Waadhoeke,Fryslân,
Wedde,wedde,Westerwolde,Groningen,2236
Wedderheide,wedderheide,Westerwolde,Groningen,
Wedderveer,wedderveer,Westerwolde,Groningen,
Weebosch,weebosch,Bergeijk,Noord-Brabant,
Weeg,weeg,Maashorst,Noord-Brabant,
Weende,weende,Westerwolde,Groningen,
Weerd,weerd,Maasgouw,Limburg,
Weerdinge,weerdinge,Emmen,Drenthe,
Weerestein,weerestein,Hillegom,Zuid-Holland,
Weerselo,weerselo,Dinkelland,Overijssel,1417
Weert,weert,Meerssen,Limburg,
Weert,weert,Weert,Limburg,1974
Weerwille,weerwille,De Wolden,Drenthe,
Weesp,weesp,Amsterdam,Noord-Holland,3631
Wehe-den Hoorn,wehe-den-hoorn,Het Hogeland,Groningen,3428
Wehl,wehl,Doetinchem,Gelderland,3248
Weidum,weidum,Leeuwarden,Fryslân,2032
Weijerswold,weijerswold,Coevorden,Drenthe,
Weijland,weijland,Bodegraven-Reeuwijk,Zuid-Holland,
Weijpoort,weijpoort,Bodegraven-Reeuwijk,Zuid-Holland,
Weilenseind,weilenseind,Gilze en Rijen,Noord-Brabant,
Weimeren,weimeren,Zundert,Noord-Brabant,
Weipoort,weipoort,Zoeterwoude,Zuid-Holland,
Weite,weite,Westerwolde,Groningen,
Weitemanslanden,weitemanslanden,Twenterand,Overijssel,
Weiteveen,weiteveen,Emmen,Drenthe,2000
Wekerom,wekerom,Ede,Gelderland,2771
Welberg,welberg,Steenbergen,Noord-Brabant,
Weleveld,weleveld,Borne,Overijssel,
Well,well,Bergen,Limburg,
“Well L”,well-l,Bergen,Limburg,1124
Well,well,Maasdriel,Gelderland,1632
Wellerlooi,wellerlooi,Bergen,Limburg,1125
Wellseind,wellseind,Maasdriel,Gelderland,
Welsum,welsum,Dalfsen,Overijssel,
Welsum,welsum,Olst-Wijhe,Overijssel,1382
Welsumerveld,welsumerveld,Olst-Wijhe,Overijssel,
Wely,wely,Neder-Betuwe,Gelderland,
Wemeldinge,wemeldinge,Kapelle,Zeeland,1470
Wemmenhove,wemmenhove,De Wolden,Drenthe,
Wenum,wenum,Apeldoorn,Gelderland,
Wenum Wiesel,wenum-wiesel,Apeldoorn,Gelderland,3561
Weper,weper,Ooststellingwerf,Fryslân,
Weperpolder,weperpolder,Ooststellingwerf,Fryslân,
Wercheren,wercheren,Berg en Dal,Gelderland,
Werendijke,werendijke,Veere,Zeeland,
Werkendam,werkendam,Altena,Noord-Brabant,2218
Werkhoven,werkhoven,Bunnik,Utrecht,2605
Wernhout,wernhout,Zundert,Noord-Brabant,3491
Wernhoutsburg,wernhoutsburg,Zundert,Noord-Brabant,
Werveld,werveld,Land van Cuijk,Noord-Brabant,
Werven,werven,Heerde,Gelderland,
Wervershoof,wervershoof,Medemblik,Noord-Holland,3565
Wesch,wesch,Eijsden-Margraten,Limburg,
Wesepe,wesepe,Olst-Wijhe,Overijssel,1381
Wessem,wessem,Maasgouw,Limburg,1919
Wessinge,wessinge,Elburg,Gelderland,
Wessinghuizen,wessinghuizen,Stadskanaal,Groningen,
Wessingtange,wessingtange,Westerwolde,Groningen,
West aan Zee,west-aan-zee,Terschelling,Fryslân,
West Geesteren,west-geesteren,Tubbergen,Overijssel,
Westbeemster,westbeemster,Purmerend,Noord-Holland,2172
Westbroek,westbroek,De Bilt,Utrecht,2939
Westbroek,westbroek,Meerssen,Limburg,
Westdijk,westdijk,Hoeksche Waard,Zuid-Holland,
Westdorp,westdorp,Borger-Odoorn,Drenthe,1802
Westdorpe,westdorpe,Terneuzen,Zeeland,1138
Westeind,westeind,Westerwolde,Groningen,
Westeind,westeind,Midden-Groningen,Groningen,
Westeinde,westeinde,Alphen aan den Rijn,Zuid-Holland,
Westeinde,westeinde,Hollands Kroon,Noord-Holland,
Westeinde,westeinde,Steenwijkerland,Overijssel,
Westeinde,westeinde,Westerveld,Drenthe,
Westeinde,westeinde,Zoeterwoude,Zuid-Holland,
Westelbeers,westelbeers,Oirschot,Noord-Brabant,
Westendorp,westendorp,Epe,Gelderland,
Westendorp,westendorp,Oude IJsselstreek,Gelderland,1575
Westeneng,westeneng,Ede,Gelderland,
Westenesch,westenesch,Emmen,Drenthe,
Westenschouwen,westenschouwen,Schouwen-Duiveland,Zeeland,
Westerbeek,westerbeek,Land van Cuijk,Noord-Brabant,2086
Westerbork,westerbork,Midden-Drenthe,Drenthe,3025
Westerbroek,westerbroek,Midden-Groningen,Groningen,1023
Westerbuorren,westerbuorren,Noardeast-Fryslân,Fryslân,
Westerdijkshorn,westerdijkshorn,Het Hogeland,Groningen,
Westerein,westerein,Dantumadiel,Fryslân,3273
Westeremden,westeremden,Eemsdelta,Groningen,3455
Westergeast,westergeast,Noardeast-Fryslân,Fryslân,3317
Westerhaar-Vriezenveensewijk,westerhaar-vriezenveensewijk,Twenterand,Overijssel,3327
Westerhorn,westerhorn,Het Hogeland,Groningen,
Westerhoven,westerhoven,Bergeijk,Noord-Brabant,1460
Westerklooster,westerklooster,Het Hogeland,Groningen,
Westerland,westerland,Hollands Kroon,Noord-Holland,1490
Westerlee,westerlee,Oldambt,Groningen,1900
Westerlee,westerlee,Westland,Zuid-Holland,
Westernieland,westernieland,Het Hogeland,Groningen,3429
Westernijtsjerk,westernijtsjerk,Noardeast-Fryslân,Fryslân,
Westerse Bos,westerse-bos,Emmen,Drenthe,
Westervelde,westervelde,Noordenveld,Drenthe,1652
Westervoort,westervoort,Westervoort,Gelderland,1936
Westerwijk,westerwijk,Hilvarenbeek,Noord-Brabant,
Westerwijtwerd,westerwijtwerd,Eemsdelta,Groningen,3456
Westerzand,westerzand,Westerkwartier,Groningen,
West-Graftdijk,west-graftdijk,Alkmaar,Noord-Holland,1908
Westhem,westhem,Súdwest-Fryslân,Fryslân,2424
Westhoek,westhoek,Waadhoeke,Fryslân,3329
Westkapelle,westkapelle,Veere,Zeeland,2785
Westkerke,westkerke,Tholen,Zeeland,
Westknollendam,westknollendam,Zaanstad,Noord-Holland,1881
Westlaren,westlaren,Tynaarlo,Drenthe,
Westmaas,westmaas,Hoeksche Waard,Zuid-Holland,2385
Westrik,westrik,Breda,Noord-Brabant,
West-Souburg,west-souburg,Vlissingen,Zeeland,
West-Terschelling,west-terschelling,Terschelling,Fryslân,2625
Westwoud,westwoud,Drechterland,Noord-Holland,1513
Westzaan,westzaan,Zaanstad,Noord-Holland,1882
Wetering,wetering,Steenwijkerland,Overijssel,2718
Weteringbrug,weteringbrug,Haarlemmermeer,Noord-Holland,1606
Wetsens,wetsens,Noardeast-Fryslân,Fryslân,3413
Wetsinge,wetsinge,Het Hogeland,Groningen,2474
Weurt,weurt,Beuningen,Gelderland,2750
Weustenrade,weustenrade,Voerendaal,Limburg,
Wevershoek,wevershoek,Ridderkerk,Zuid-Holland,
Weverslo,weverslo,Venray,Limburg,
Weverwijk,weverwijk,Vijfheerenlanden,Utrecht,
Wezel,wezel,Wijchen,Gelderland,
Wezep,wezep,Oldebroek,Gelderland,3073
Wezup,wezup,Coevorden,Drenthe,2166
Wezuperbrug,wezuperbrug,Coevorden,Drenthe,2167
Wichmond,wichmond,Bronckhorst,Gelderland,3572
Wie,wie,Noardeast-Fryslân,Fryslân,
Wieken,wieken,Oude IJsselstreek,Gelderland,
Wieksloot,wieksloot,Soest,Utrecht,
Wielder,wielder,Horst aan de Maas,Limburg,
Wieldrecht,wieldrecht,Dordrecht,Zuid-Holland,
Wieler,wieler,Roermond,Limburg,
Wiene,wiene,Hof van Twente,Overijssel,
Wier,wier,Waadhoeke,Fryslân,2734
Wierden,wierden,Wierden,Overijssel,1087
Wierhuizen,wierhuizen,Het Hogeland,Groningen,
Wieringerwaard,wieringerwaard,Hollands Kroon,Noord-Holland,3187
Wieringerwerf,wieringerwerf,Hollands Kroon,Noord-Holland,2436
Wierren,wierren,Smallingerland,Fryslân,
Wierum,wierum,Noardeast-Fryslân,Fryslân,3414
Wierum,wierum,Het Hogeland,Groningen,
Wierumerschouw,wierumerschouw,Westerkwartier,Groningen,
Wiesel,wiesel,Apeldoorn,Gelderland,
Wijchen,wijchen,Wijchen,Gelderland,2564
Wijckel,wijckel,De Fryske Marren,Fryslân,1686
Wijdewormer,wijdewormer,Wormerland,Noord-Holland,2288
Wijdenes,wijdenes,Drechterland,Noord-Holland,1514
Wijhe,wijhe,Olst-Wijhe,Overijssel,1380
Wijk aan Zee,wijk-aan-zee,Beverwijk,Noord-Holland,3552
Wijk bij Duurstede,wijk-bij-duurstede,Wijk bij Duurstede,Utrecht,1302
Wijk en Aalburg,wijk-en-aalburg,Altena,Noord-Brabant,1957
Wijlre,wijlre,Gulpen-Wittem,Limburg,1236
Wijnaldum,wijnaldum,Harlingen,Fryslân,2893
Wijnandsrade,wijnandsrade,Beekdaelen,Limburg,2361
Wijnbergen,wijnbergen,Montferland,Gelderland,2212
Wijnbergen,wijnbergen,Doetinchem,Gelderland,
Wijnbergen,wijnbergen,Epe,Gelderland,
Wijngaarden,wijngaarden,Molenlanden,Zuid-Holland,1986
Wijnjeterpverlaat,wijnjeterpverlaat,Opsterland,Fryslân,
Wijnjewoude,wijnjewoude,Opsterland,Fryslân,3358
Wijster,wijster,Midden-Drenthe,Drenthe,3026
Wijthmen,wijthmen,Zwolle,Overijssel,
Wijzend,wijzend,Medemblik,Noord-Holland,
Wilbertoord,wilbertoord,Land van Cuijk,Noord-Brabant,1979
Wildenborch,wildenborch,Bronckhorst,Gelderland,
Wildeplaats,wildeplaats,Stadskanaal,Groningen,
Wilderhof,wilderhof,Midden-Groningen,Groningen,
Wildert,wildert,Zundert,Noord-Brabant,
Wildervank,wildervank,Veendam,Groningen,1241
Wildervanksterdallen,wildervanksterdallen,Veendam,Groningen,
Wilhelminadorp,wilhelminadorp,Goes,Zeeland,1827
Wilhelminaoord,wilhelminaoord,Westerveld,Drenthe,3127
Wilhelmsoord,wilhelmsoord,Emmen,Drenthe,
Willebrordushoek,willebrordushoek,Meierijstad,Noord-Brabant,
Willemsdorp,willemsdorp,Dordrecht,Zuid-Holland,
Willemsoord,willemsoord,Steenwijkerland,Overijssel,2719
Willemstad,willemstad,Westerkwartier,Groningen,
Willemstad,willemstad,Moerdijk,Noord-Brabant,1317
Willemstad,willemstad,Ooststellingwerf,Fryslân,
Willeskop,willeskop,Oudewater,Utrecht,
Willige Langerak,willige-langerak,Lopik,Utrecht,
Wilnis,wilnis,De Ronde Venen,Utrecht,1931
Wilp,wilp,Voorst,Gelderland,2613
Wilsum,wilsum,Kampen,Overijssel,2898
Wilsveen,wilsveen,Leidschendam-Voorburg,Zuid-Holland,
Winde,winde,Tynaarlo,Drenthe,2920
Windesheim,windesheim,Zwolle,Overijssel,
Windraak,windraak,Sittard-Geleen,Limburg,2820
Winkel,winkel,Cranendonck,Noord-Brabant,
Winkel,winkel,Hollands Kroon,Noord-Holland,2521
Winkel,winkel,Tilburg,Noord-Brabant,
Winkelshoek,winkelshoek,Bronckhorst,Gelderland,
Winkelstraat,winkelstraat,Someren,Noord-Brabant,
Winneweer,winneweer,Groningen,Groningen,1836
Winschoten,winschoten,Oldambt,Groningen,1471
Winschoterhoogebrug,winschoterhoogebrug,Westerwolde,Groningen,
Winssen,winssen,Beuningen,Gelderland,2753
Winsum,winsum,Waadhoeke,Fryslân,2033
Winsum,winsum,Het Hogeland,Groningen,2475
Wintelre,wintelre,Eersel,Noord-Brabant,2997
Winterswijk,winterswijk,Winterswijk,Gelderland,1478
Winterswijk Meddo,winterswijk-meddo,Winterswijk,Gelderland,1479
Winterswijk Huppel,winterswijk-huppel,Winterswijk,Gelderland,1480
Winterswijk Ratum,winterswijk-ratum,Winterswijk,Gelderland,1481
Winterswijk Kotten,winterswijk-kotten,Winterswijk,Gelderland,1482
Winterswijk Woold,winterswijk-woold,Winterswijk,Gelderland,1483
Winterswijk Miste,winterswijk-miste,Winterswijk,Gelderland,1484
Winterswijk Henxel,winterswijk-henxel,Winterswijk,Gelderland,1485
Winterswijk Brinkheurne,winterswijk-brinkheurne,Winterswijk,Gelderland,1486
Winterswijk Corle,winterswijk-corle,Winterswijk,Gelderland,1487
Winthagen,winthagen,Voerendaal,Limburg,
(De) Wippert (?),de-wippert-,Lochem,Gelderland,
Wirdum,wirdum,Eemsdelta,Groningen,
“Wirdum Gn”,wirdum-gn,Eemsdelta,Groningen,3457
Wirdum,wirdum,Leeuwarden,Fryslân,3545
Wirdumerdraai,wirdumerdraai,Eemsdelta,Groningen,
Wisbroek,wisbroek,Weert,Limburg,
Wissekerke,wissekerke,Goes,Zeeland,
Wissel,wissel,Epe,Gelderland,
Wissenkerke,wissenkerke,Noord-Beveland,Zeeland,3191
Witdonk,witdonk,Peel en Maas,Limburg,
Witharen,witharen,Ommen,Overijssel,2556
Withuis,withuis,Eijsden-Margraten,Limburg,
Witman,witman,Hardenberg,Overijssel,
Witmarsum,witmarsum,Súdwest-Fryslân,Fryslân,2325
Witrijt,witrijt,Bergeijk,Noord-Brabant,
Witte Paarden,witte-paarden,Steenwijkerland,Overijssel,2720
Wittebrink,wittebrink,Bronckhorst,Gelderland,
Wittelte,wittelte,Westerveld,Drenthe,3128
Wittem,wittem,Gulpen-Wittem,Limburg,1233
Witten,witten,Assen,Drenthe,
Witteveen,witteveen,De Wolden,Drenthe,
Witteveen,witteveen,Midden-Drenthe,Drenthe,3027
Wittewierum,wittewierum,Groningen,Groningen,
Wiuwert,wiuwert,Súdwest-Fryslân,Fryslân,2034
Wjelsryp,wjelsryp,Waadhoeke,Fryslân,2035
Woensdrecht,woensdrecht,Woensdrecht,Noord-Brabant,1004
Woerd,woerd,West Maas en Waal,Gelderland,
Woerden,woerden,Woerden,Utrecht,1071
Woerdense Verlaat,woerdense-verlaat,Nieuwkoop,Zuid-Holland,2669
Woeste Hoeve,woeste-hoeve,Apeldoorn,Gelderland,
Woezik,woezik,Wijchen,Gelderland,
Wognum,wognum,Medemblik,Noord-Holland,3158
Wolbert,wolbert,Heerde,Gelderland,
Woldendorp,woldendorp,Eemsdelta,Groningen,3245
Wolfersveen,wolfersveen,Bronckhorst,Gelderland,
Wolfhaag,wolfhaag,Vaals,Limburg,
Wolfhagen,wolfhagen,Beekdaelen,Limburg,
Wolfheze,wolfheze,Renkum,Gelderland,2989
Wolfsbarge,wolfsbarge,Midden-Groningen,Groningen,
Wolfsbosch,wolfsbosch,Gemert-Bakel,Noord-Brabant,
Wolfshoek,wolfshoek,Eersel,Noord-Brabant,
Wolfshoek,wolfshoek,Heusden,Noord-Brabant,
Wolfshuis,wolfshuis,Eijsden-Margraten,Limburg,
Wolfswinkel,wolfswinkel,Son en Breugel,Noord-Brabant,
Wollingboermarke,wollingboermarke,Westerwolde,Groningen,
Wollinghuizen,wollinghuizen,Westerwolde,Groningen,
Wolphaartsdijk,wolphaartsdijk,Goes,Zeeland,1828
Wolsum,wolsum,Súdwest-Fryslân,Fryslân,2425
Woltersum,woltersum,Groningen,Groningen,1833
Wolvega,wolvega,Weststellingwerf,Fryslân,1744
Wommels,wommels,Súdwest-Fryslân,Fryslân,2036
Wonneburen,wonneburen,Súdwest-Fryslân,Fryslân,
Wons,wons,Súdwest-Fryslân,Fryslân,2326
Woord,woord,Wijchen,Gelderland,
Wordragen,wordragen,Maasdriel,Gelderland,
Workum,workum,Súdwest-Fryslân,Fryslân,1965
Wormer,wormer,Wormerland,Noord-Holland,2287
Wormerveer,wormerveer,Zaanstad,Noord-Holland,1883
Worsum,worsum,Heumen,Gelderland,
Woubrugge,woubrugge,Kaag en Braassem,Zuid-Holland,3043
Woud,woud,Sint-Michielsgestel,Noord-Brabant,
Woudbloem,woudbloem,Midden-Groningen,Groningen,1361
Woudenberg,woudenberg,Woudenberg,Utrecht,2523
Woudrichem,woudrichem,Altena,Noord-Brabant,3306
Woudse Dijk,woudse-dijk,Kaag en Braassem,Zuid-Holland,
Woudsend,woudsend,Súdwest-Fryslân,Fryslân,2426
Wouw,wouw,Roosendaal,Noord-Brabant,1589
Wouwse Hil,wouwse-hil,Roosendaal,Noord-Brabant,
Wouwse Plantage,wouwse-plantage,Roosendaal,Noord-Brabant,1592
Wulpenbek,wulpenbek,Terneuzen,Zeeland,
Wyns,wyns,Tytsjerksteradiel,Fryslân,2442
Wytgaard,wytgaard,Leeuwarden,Fryslân,1206
Yde,yde,Tynaarlo,Drenthe,2921
Yerseke,yerseke,Reimerswaal,Zeeland,3467
Yersekendam,yersekendam,Reimerswaal,Zeeland,
Yndyk,yndyk,Súdwest-Fryslân,Fryslân,
Ypecolsga,ypecolsga,Súdwest-Fryslân,Fryslân,2427
Ypelo,ypelo,Wierden,Overijssel,
Ysbrechtum,ysbrechtum,Súdwest-Fryslân,Fryslân,3592
Ysselsteyn,ysselsteyn,Venray,Limburg,2338
Zaamslag,zaamslag,Terneuzen,Zeeland,1139
Zaamslagveer,zaamslagveer,Terneuzen,Zeeland,
Zaandam,zaandam,Zaanstad,Noord-Holland,1884
Zaandijk,zaandijk,Zaanstad,Noord-Holland,1885
Zaarvlaas,zaarvlaas,Gemert-Bakel,Noord-Brabant,
Zalk,zalk,Kampen,Overijssel,2897
Zalné,zaln,Zwolle,Overijssel,
Zaltbommel,zaltbommel,Zaltbommel,Gelderland,2636
Zand,zand,Gemert-Bakel,Noord-Brabant,
Zandberg,zandberg,Borger-Odoorn,Drenthe,1803
Zandberg,zandberg,Buren,Gelderland,
Zandberg,zandberg,Hulst,Zeeland,
Zandberg,zandberg,Peel en Maas,Limburg,
Zandberg,zandberg,Peel en Maas,Limburg,
Zandberg,zandberg,Simpelveld,Limburg,
Zandburen,zandburen,Smallingerland,Fryslân,
Zanddijk,zanddijk,Veere,Zeeland,
Zandeind,zandeind,Goirle,Noord-Brabant,
Zandeweer,zandeweer,Het Hogeland,Groningen,3487
Zandfort,zandfort,Woensdrecht,Noord-Brabant,
Zandheuvel,zandheuvel,Lingewaard,Gelderland,
Zandhoek,zandhoek,Boekel,Noord-Brabant,
Zandhoek,zandhoek,Venray,Limburg,
Zandhuizen,zandhuizen,Weststellingwerf,Fryslân,1745
Zandkant,zandkant,Tilburg,Noord-Brabant,
Zandkant,zandkant,Land van Cuijk,Noord-Brabant,
Zandoerle,zandoerle,Veldhoven,Noord-Brabant,
Zandplaat,zandplaat,Terneuzen,Zeeland,
Zandpol,zandpol,Emmen,Drenthe,2001
Zandstraat,zandstraat,Terneuzen,Zeeland,
Zandvoort,zandvoort,Lingewaard,Gelderland,
Zandvoort,zandvoort,Zandvoort,Noord-Holland,1305
Zandwijk,zandwijk,Altena,Noord-Brabant,
Zeddam,zeddam,Montferland,Gelderland,2213
Zeedorp,zeedorp,Hulst,Zeeland,
Zeegat,zeegat,Hulst,Zeeland,
Zeegse,zeegse,Tynaarlo,Drenthe,2922
Zeeland,zeeland,Berg en Dal,Gelderland,
Zeeland,zeeland,Maashorst,Noord-Brabant,1850
Zeelberg,zeelberg,Horst aan de Maas,Limburg,
Zeelberg,zeelberg,Valkenswaard,Noord-Brabant,
Zeerijp,zeerijp,Eemsdelta,Groningen,3459
Zeesse,zeesse,Ommen,Overijssel,
Zeewolde,zeewolde,Zeewolde,Flevoland,1075
Zegge,zegge,Rucphen,Noord-Brabant,2585
Zegveld,zegveld,Woerden,Utrecht,1074
Zeijen,zeijen,Tynaarlo,Drenthe,2923
Zeijerveen,zeijerveen,Assen,Drenthe,2396
Zeijerveld,zeijerveld,Assen,Drenthe,2397
Zeist,zeist,Zeist,Utrecht,2821
Zeldam,zeldam,Hof van Twente,Overijssel,
Zelder,zelder,Gennep,Limburg,
Zeldert,zeldert,Amersfoort,Utrecht,
Zelen,zelen,Peel en Maas,Limburg,
Zelhem,zelhem,Bronckhorst,Gelderland,3574
Zelt,zelt,Oisterwijk,Noord-Brabant,
Zenderen,zenderen,Borne,Overijssel,3571
Zennewijnen,zennewijnen,Tiel,Gelderland,2558
Zethuis,zethuis,Westerkwartier,Groningen,
Zetten,zetten,Overbetuwe,Gelderland,1873
Zevenaar,zevenaar,Zevenaar,Gelderland,1297
Zevenbergen,zevenbergen,Bernheze,Noord-Brabant,
Zevenbergen,zevenbergen,Moerdijk,Noord-Brabant,1323
Zevenbergschen Hoek,zevenbergschen-hoek,Drimmelen,Noord-Brabant,2580
Zevenbergschen Hoek,zevenbergschen-hoek,Moerdijk,Noord-Brabant,1327
Zevenbuurt,zevenbuurt,De Fryske Marren,Fryslân,
Zevender,zevender,Lopik,Utrecht,
Zevenhoven,zevenhoven,Nieuwkoop,Zuid-Holland,2671
Zevenhuis,zevenhuis,Maashorst,Noord-Brabant,
Zevenhuizen,zevenhuizen,Bunschoten,Utrecht,
Zevenhuizen,zevenhuizen,Het Hogeland,Groningen,
Zevenhuizen,zevenhuizen,Heeze-Leende,Noord-Brabant,
Zevenhuizen,zevenhuizen,Kaag en Braassem,Zuid-Holland,
Zevenhuizen,zevenhuizen,Noardeast-Fryslân,Fryslân,
Zevenhuizen,zevenhuizen,Westerkwartier,Groningen,2346
Zevenhuizen,zevenhuizen,Moerdijk,Noord-Brabant,
Zevenhuizen,zevenhuizen,Groningen,Groningen,
Zevenhuizen,zevenhuizen,Zuidplas,Zuid-Holland,1213
Zevenhuizen ?,zevenhuizen-,Tytsjerksteradiel,Fryslân,
Zevenhutten,zevenhutten,Land van Cuijk,Noord-Brabant,
Zevenmorgen,zevenmorgen,Buren,Gelderland,
Ziek,ziek,Oude IJsselstreek,Gelderland,
Zierikzee,zierikzee,Schouwen-Duiveland,Zeeland,2689
Zieuwent,zieuwent,Oost Gelre,Gelderland,2229
Zijderveld,zijderveld,Vijfheerenlanden,Utrecht,2844
Zijdewind,zijdewind,Hollands Kroon,Noord-Holland,2522
Zijldijk,zijldijk,Eemsdelta,Groningen,3460
Zijp,zijp,Boekel,Noord-Brabant,
Zijpersluis,zijpersluis,Schagen,Noord-Holland,
Zijtaart,zijtaart,Meierijstad,Noord-Brabant,
Zinkweg,zinkweg,Hoeksche Waard,Zuid-Holland,
Zittard,zittard,Roerdalen,Limburg,
Zittard,zittard,Veldhoven,Noord-Brabant,
Zoeke,zoeke,Dinkelland,Overijssel,
Zoelen,zoelen,Buren,Gelderland,3384
Zoelmond,zoelmond,Buren,Gelderland,3385
Zoerte,zoerte,Westerveld,Drenthe,
Zoetermeer,zoetermeer,Zoetermeer,Zuid-Holland,2293
Zoeterwoude,zoeterwoude,Zoeterwoude,Zuid-Holland,2644
Zoeterwoude-Dorp,zoeterwoude-dorp,Zoeterwoude,Zuid-Holland,
Zoeterwoude-Rijndijk,zoeterwoude-rijndijk,Zoeterwoude,Zuid-Holland,
Zoggel,zoggel,Bernheze,Noord-Brabant,
Zomerdijk,zomerdijk,Eemsdelta,Groningen,
Zomerven,zomerven,Someren,Noord-Brabant,
Zondveld,zondveld,Meierijstad,Noord-Brabant,
Zonnemaire,zonnemaire,Schouwen-Duiveland,Zeeland,2690
Zennewijnen,zennewijnen,West Betuwe,Gelderland,3369
Zoomvliet,zoomvliet,Roosendaal,Noord-Brabant,
Zorgvlied,zorgvlied,Westerveld,Drenthe,3129
Zoutelande,zoutelande,Veere,Zeeland,2786
Zouteveen,zouteveen,Midden-Delfland,Zuid-Holland,
Zoutkamp,zoutkamp,Het Hogeland,Groningen,3430
Zuid-Beijerland,zuid-beijerland,Hoeksche Waard,Zuid-Holland,2889
Zuidbroek,zuidbroek,Krimpenerwaard,Zuid-Holland,
Zuidbroek,zuidbroek,Midden-Groningen,Groningen,2280
Zuidbuurt,zuidbuurt,Zoeterwoude,Zuid-Holland,
Zuid-Carolina,zuid-carolina,Land van Cuijk,Noord-Brabant,
Zuiddorpe,zuiddorpe,Terneuzen,Zeeland,1140
Zuideinde,zuideinde,Kampen,Overijssel,
Zuideinde,zuideinde,Nieuwkoop,Zuid-Holland,
Zuideinde,zuideinde,Stichtse Vecht,Utrecht,
Zuiderburen,zuiderburen,Leeuwarden,Fryslân,
Zuideresch,zuideresch,Borger-Odoorn,Drenthe,
Zuiderkolonie,zuiderkolonie,Pekela,Groningen,
Zuidermeer,zuidermeer,Koggenland,Noord-Holland,1192
Zuideropgaande,zuideropgaande,Hoogeveen,Drenthe,
Zuiderveen,zuiderveen,Oldambt,Groningen,
Zuiderwoude,zuiderwoude,Waterland,Noord-Holland,1948
Zuidgeest,zuidgeest,Bergen op Zoom,Noord-Brabant,
Zuidho(o)rn (?),zuidhoorn-,Ooststellingwerf,Fryslân,
Zuidhorn,zuidhorn,Westerkwartier,Groningen,2128
Zuidlaarderveen,zuidlaarderveen,Tynaarlo,Drenthe,2925
Zuidland,zuidland,Nissewaard,Zuid-Holland,1390
Zuidlaren,zuidlaren,Tynaarlo,Drenthe,2913
Zuidloo,zuidloo,Deventer,Overijssel,
Zuidoostbeemster,zuidoostbeemster,Purmerend,Noord-Holland,2173
Zuid-Scharwoude,zuid-scharwoude,Dijk en Waard,Noord-Holland,1117
Zuidschermer,zuidschermer,Alkmaar,Noord-Holland,1892
Zuidveen,zuidveen,Steenwijkerland,Overijssel,2721
Zuidveld,zuidveld,Midden-Drenthe,Drenthe,3028
Zuidveld,zuidveld,Westerwolde,Groningen,
Zuidvelde,zuidvelde,Noordenveld,Drenthe,1653
Zuidwending,zuidwending,Veendam,Groningen,
Zuidwolde,zuidwolde,Het Hogeland,Groningen,2832
Zuidwolde,zuidwolde,De Wolden,Drenthe,3172
Zuidzande,zuidzande,Sluis,Zeeland,2972
Zuidzijde,zuidzijde,Bodegraven-Reeuwijk,Zuid-Holland,
Zuidzijde,zuidzijde,Goeree-Overflakkee,Zuid-Holland,
Zuidzijde,zuidzijde,Hoeksche Waard,Zuid-Holland,
Zuilichem,zuilichem,Zaltbommel,Gelderland,2637
Zuna,zuna,Wierden,Overijssel,1091
Zunderdorp,zunderdorp,Amsterdam,Noord-Holland,
Zundert,zundert,Zundert,Noord-Brabant,3489
Zurich,zurich,Súdwest-Fryslân,Fryslân,2327
Zutphen,zutphen,Zutphen,Gelderland,1395
Zuuk,zuuk,Epe,Gelderland,
Zuurdijk,zuurdijk,Het Hogeland,Groningen,3431
Zwaag,zwaag,Hoorn,Noord-Holland,2463
Zwaagdijk,zwaagdijk,Medemblik,Noord-Holland,
Zwaagdijk,zwaagdijk,Medemblik,Noord-Holland,
Zwaagdijk-Oost,zwaagdijk-oost,Medemblik,Noord-Holland,1107
Zwaagdijk-West,zwaagdijk-west,Medemblik,Noord-Holland,3159
Zwaanenheike,zwaanenheike,Horst aan de Maas,Limburg,
Zwaanshoek,zwaanshoek,Haarlemmermeer,Noord-Holland,1611
Zwaantje,zwaantje,Ridderkerk,Zuid-Holland,
Zwammerdam,zwammerdam,Alphen aan den Rijn,Zuid-Holland,1081
Zwanegat,zwanegat,Hoeksche Waard,Zuid-Holland,
Zwanenburg,zwanenburg,Haarlemmermeer,Noord-Holland,1614
Zwarte Haan,zwarte-haan,Waadhoeke,Fryslân,
Zwarte Paard,zwarte-paard,Buren,Gelderland,
Zwarte Ruiter,zwarte-ruiter,Steenbergen,Noord-Brabant,
Zwartebroek,zwartebroek,Barneveld,Gelderland,3600
Zwartemeer,zwartemeer,Emmen,Drenthe,2002
Zwartenberg,zwartenberg,Etten-Leur,Noord-Brabant,
Zwartewaal,zwartewaal,Voorne aan Zee,Zuid-Holland,2370
Zwartewatersklooster,zwartewatersklooster,Zwartewaterland,Overijssel,
Zwartschaap,zwartschaap,Hoogeveen,Drenthe,
Zwartsluis,zwartsluis,Zwartewaterland,Overijssel,2201
Zwartsluisje,zwartsluisje,Hoeksche Waard,Zuid-Holland,
Zweekhorst,zweekhorst,Zevenaar,Gelderland,
Zweeloo,zweeloo,Coevorden,Drenthe,2168
Zweins,zweins,Waadhoeke,Fryslân,1367
Zwet,zwet,Ridderkerk,Zuid-Holland,
Zwiep,zwiep,Lochem,Gelderland,
Zwiggelte,zwiggelte,Midden-Drenthe,Drenthe,3029
Zwijndrecht,zwijndrecht,Zwijndrecht,Zuid-Holland,2399
Zwijnsbergen,zwijnsbergen,Meierijstad,Noord-Brabant,
Zwinderen,zwinderen,Coevorden,Drenthe,2169
Zwingelspaan,zwingelspaan,Moerdijk,Noord-Brabant,
Zwolle,zwolle,Oost Gelre,Gelderland,
Zwolle,zwolle,Zwolle,Overijssel,1182
